Unnamed: 0_level_0,2016,2016,2016,2006,2006,2006
Unnamed: 0_level_1,Total,Male,Female,Total,Male,Female
Total All persons,270.0,125.0,145.0,195.0,90.0,105.0
Registered Indian,240.0,115.0,130.0,175.0,80.0,95.0
Not a registered Indian,30.0,15.0,15.0,15.0,10.0,10.0
Age characteristics,,,,,,
Total All persons,270.0,125.0,145.0,195.0,90.0,105.0
Age 0-19,100.0,40.0,55.0,75.0,35.0,40.0
Age 20-64,170.0,85.0,80.0,110.0,50.0,60.0
Age 65 and over,0.0,0.0,10.0,10.0,0.0,0.0
Median Age,28.9,30.7,26.8,23.8,23.0,24.5
