PRINCE EDWARD ISLAND,2016,2016,2016,2006,2006,2006
PRINCE EDWARD ISLAND,Total,Male,Female,Total,Male,Female
Population 15 years and over,117055,56360,60690,110205,52695,57510
"No degree, certificate or diploma",22425,12555,9875,29235,15975,13260
High school diploma or equivalent only,31815,16055,15760,28240,13395,14850
Trades/apprenticeship or other non-university certificate,37335,17385,19950,33010,15205,17805
University certificate below bachelor level,3070,1055,2015,4185,1415,2770
University degree (bachelor level or higher),22410,9320,13090,15530,6710,8820
