PRINCE EDWARD ISLAND,2016,2016,2016,2006,2006,2006
PRINCE EDWARD ISLAND,Total,Male,Female,Total,Male,Female
Language Knowledge,139690.0,67900.0,71790.0,134205.0,64990.0,69215.0
Indigenous language(s),80.0,40.0,40.0,135.0,60.0,75.0
English only **,120985.0,60120.0,60865.0,116995.0,57685.0,59305.0
French only **,130.0,50.0,75.0,55.0,35.0,15.0
English & French **,17745.0,7310.0,10440.0,17100.0,7250.0,9850.0
Other,8605.0,4270.0,4335.0,3945.0,1895.0,2055.0
Pop. with Indigenous languages first learned (%),0.0,0.1,0.0,0.1,0.1,0.1
Pop. with Indigenous spoken at home (%),0.0,0.0,0.0,0.0,0.0,0.1
Pop. with knowledge of Indigenous lang. (%),0.1,0.1,0.1,0.1,0.1,0.1
