Education characteristics,2016,2016,2016,2006,2006,2006
Education characteristics,Total,Male,Female,Total,Male,Female
Highest Degree or Certificate,,,,,,
Population 15 years and over,230.0,115.0,115.0,180.0,85.0,95.0
"No degree, certificate or diploma",115.0,70.0,45.0,90.0,50.0,40.0
High school diploma or equivalent only,60.0,25.0,35.0,50.0,15.0,35.0
Trades/apprenticeship or other non-university certificate,50.0,25.0,25.0,35.0,15.0,15.0
University certificate below bachelor level,10.0,0.0,0.0,0.0,0.0,0.0
University degree (bachelor level or higher),10.0,0.0,10.0,0.0,0.0,0.0
