Mobility characteristics,2016,2016,2016,2006,2006,2006
Mobility characteristics,Total,Male,Female,Total,Male,Female
Mobility Status - Place of residence 1 year ago,,,,,,
Total population 1 year and over,290.0,150.0,135.0,260.0,130.0,120.0
Non-movers: Lived at the same address 1 year ago,255.0,135.0,120.0,230.0,120.0,110.0
Movers:,,,,,,
Lived within the same prov./terr. 1 year ago but changed address within the same census division,35.0,15.0,15.0,20.0,10.0,10.0
Lived within the same prov./terr. 1 year ago but changed address from another census division.,0.0,10.0,0.0,0.0,0.0,10.0
Lived in a different prov./terr./country 1 year ago,0.0,0.0,0.0,0.0,0.0,0.0
Mobility Status - Place of residence 5 years ago,,,,,,
Total population 5 year and over,275.0,145.0,130.0,235.0,120.0,120.0
Non-movers: Lived at the same address 5 years ago,195.0,110.0,85.0,135.0,70.0,65.0
Movers:,,,,,,
Lived within the same prov./terr. 5 years ago but changed address within the same census division,60.0,30.0,30.0,60.0,30.0,25.0
Lived within the same prov./terr. 5 years ago but changed address from another census division.,10.0,10.0,0.0,35.0,15.0,20.0
Lived in a different prov./terr./country 5 years ago,0.0,0.0,0.0,10.0,10.0,10.0
