Languages characteristics,2016,2016,2016,2006,2006,2006
Languages characteristics,Total,Male,Female,Total,Male,Female
Language Knowledge,295.0,150.0,140.0,260.0,135.0,125.0
Indigenous language(s),15.0,10.0,10.0,10.0,10.0,0.0
English only **,295.0,150.0,140.0,255.0,130.0,125.0
French only **,0.0,0.0,0.0,0.0,0.0,0.0
English & French **,10.0,0.0,0.0,0.0,10.0,0.0
Other,0.0,0.0,0.0,0.0,0.0,0.0
Pop. with Indigenous languages first learned (%),3.4,0.0,0.0,0.0,0.0,0.0
Pop. with Indigenous spoken at home (%),0.0,6.7,0.0,3.8,0.0,0.0
Pop. with knowledge of Indigenous lang. (%),5.1,6.7,7.1,3.8,7.4,0.0
