NOVA SCOTIA,2016,2016,2016,2006,2006,2006
NOVA SCOTIA,Total,Male,Female,Total,Male,Female
Population 15 years and over,774750,372455,402295,756595,361155,395440
"No degree, certificate or diploma",153705,79885,73820,202770,102050,100725
High school diploma or equivalent only,195905,95210,100695,172800,78795,94000
Trades/apprenticeship or other non-university certificate,245610,121105,124510,226395,112820,113580
University certificate below bachelor level,18380,6975,11405,30645,11595,19050
University degree (bachelor level or higher),161150,69285,91860,123985,55895,68085
