Income characteristics,2016,2016,2016,2006,2006,2006
Income characteristics,Total,Male,Female,Total,Male,Female
Persons 15 years of age and over with income,1260,675,585,Not available,Not available,Not available
Avg. total income (all persons with income ($)),20226,16748,24239,Not available,Not available,Not available
All persons with earnings (counts),805,450,355,Not available,Not available,Not available
Avg. earnings (all persons with earnings ($)),20218,18439,22481,Not available,Not available,Not available
Composition of total income (100%),100,100,100,Not available,Not available,Not available
Earnings - % of income,64,73,56,Not available,Not available,Not available
Government transfer - % of income,36,26,43,Not available,Not available,Not available
Other money - % of income,1,1,1,Not available,Not available,Not available
