Languages characteristics,2016,2016,2016,2006,2006,2006
Languages characteristics,Total,Male,Female,Total,Male,Female
Language Knowledge,2165.0,1150.0,1015.0,Not available,Not available,Not available
Indigenous language(s),1710.0,915.0,795.0,Not available,Not available,Not available
English only **,2135.0,1130.0,1005.0,Not available,Not available,Not available
French only **,0.0,0.0,0.0,Not available,Not available,Not available
English & French **,0.0,0.0,0.0,Not available,Not available,Not available
Other,25.0,15.0,10.0,Not available,Not available,Not available
Pop. with Indigenous languages first learned (%),74.1,74.8,72.9,Not available,Not available,Not available
Pop. with Indigenous spoken at home (%),66.5,66.1,66.5,Not available,Not available,Not available
Pop. with knowledge of Indigenous lang. (%),79.0,79.6,78.3,Not available,Not available,Not available
