Mobility characteristics,2016,2016,2016,2006,2006,2006
Mobility characteristics,Total,Male,Female,Total,Male,Female
Mobility Status - Place of residence 1 year ago,,,,,,
Total population 1 year and over,175.0,80.0,95.0,145.0,70.0,80.0
Non-movers: Lived at the same address 1 year ago,155.0,75.0,80.0,145.0,70.0,80.0
Movers:,,,,,,
Lived within the same prov./terr. 1 year ago but changed address within the same census division,25.0,0.0,15.0,0.0,0.0,0.0
Lived within the same prov./terr. 1 year ago but changed address from another census division.,0.0,0.0,0.0,0.0,0.0,0.0
Lived in a different prov./terr./country 1 year ago,0.0,0.0,0.0,0.0,0.0,0.0
Mobility Status - Place of residence 5 years ago,,,,,,
Total population 5 year and over,160.0,75.0,90.0,130.0,60.0,70.0
Non-movers: Lived at the same address 5 years ago,125.0,60.0,60.0,125.0,60.0,65.0
Movers:,,,,,,
Lived within the same prov./terr. 5 years ago but changed address within the same census division,30.0,10.0,20.0,10.0,0.0,10.0
Lived within the same prov./terr. 5 years ago but changed address from another census division.,0.0,10.0,10.0,0.0,0.0,0.0
Lived in a different prov./terr./country 5 years ago,0.0,10.0,0.0,0.0,0.0,0.0
