Languages characteristics,2016,2016,2016,2006,2006,2006
Languages characteristics,Total,Male,Female,Total,Male,Female
Language Knowledge,185.0,85.0,95.0,150.0,70.0,80.0
Indigenous language(s),60.0,25.0,35.0,50.0,25.0,25.0
English only **,185.0,85.0,100.0,150.0,70.0,80.0
French only **,0.0,0.0,0.0,0.0,0.0,0.0
English & French **,0.0,0.0,0.0,0.0,0.0,0.0
Other,0.0,0.0,0.0,0.0,0.0,0.0
Pop. with Indigenous languages first learned (%),37.8,35.3,42.1,26.7,28.6,25.0
Pop. with Indigenous spoken at home (%),24.3,23.5,26.3,26.7,28.6,25.0
Pop. with knowledge of Indigenous lang. (%),32.4,29.4,36.8,33.3,35.7,31.3
