NOVA SCOTIA,2016,2016,2016,2006,2006,2006
NOVA SCOTIA,Total,Male,Female,Total,Male,Female
Mobility Status - Place of residence 1 year ago,,,,,,
Total population 1 year and over,900455.0,436790.0,463660.0,894570.0,431510.0,463060.0
Non-movers: Lived at the same address 1 year ago,792100.0,384565.0,407540.0,785165.0,379315.0,405850.0
Movers:,,,,,,
Lived within the same prov./terr. 1 year ago but changed address within the same census division,73230.0,35130.0,38095.0,75775.0,35620.0,40150.0
Lived within the same prov./terr. 1 year ago but changed address from another census division.,13410.0,6185.0,7225.0,14445.0,6805.0,7640.0
Lived in a different prov./terr./country 1 year ago,21710.0,10905.0,10800.0,19180.0,9770.0,9410.0
Mobility Status - Place of residence 5 years ago,,,,,,
Total population 5 year and over,866425.0,419585.0,446845.0,860670.0,414000.0,446670.0
Non-movers: Lived at the same address 5 years ago,582705.0,283125.0,299580.0,575240.0,279185.0,296050.0
Movers:,,,,,,
Lived within the same prov./terr. 5 years ago but changed address within the same census division,182085.0,87045.0,95045.0,184160.0,86480.0,97680.0
Lived within the same prov./terr. 5 years ago but changed address from another census division.,37815.0,17590.0,20225.0,41415.0,19305.0,22110.0
Lived in a different prov./terr./country 5 years ago,63825.0,31815.0,32005.0,59860.0,29030.0,30825.0
