Unnamed: 0_level_0,2016,2016,2016,2006,2006,2006
Unnamed: 0_level_1,Total,Male,Female,Total,Male,Female
Total All persons,365.0,195.0,170.0,325.0,180.0,145.0
Registered Indian,365.0,195.0,165.0,320.0,180.0,140.0
Not a registered Indian,0.0,0.0,0.0,10.0,0.0,0.0
Age characteristics,,,,,,
Total All persons,365.0,195.0,170.0,325.0,180.0,145.0
Age 0-19,160.0,75.0,80.0,135.0,75.0,55.0
Age 20-64,190.0,110.0,85.0,170.0,95.0,80.0
Age 65 and over,20.0,10.0,10.0,20.0,10.0,10.0
Median Age,24.3,27.6,21.2,24.5,23.9,25.0
