Mobility characteristics,2016,2016,2016,2006,2006,2006
Mobility characteristics,Total,Male,Female,Total,Male,Female
Mobility Status - Place of residence 1 year ago,,,,,,
Total population 1 year and over,380.0,185.0,190.0,340.0,160.0,185.0
Non-movers: Lived at the same address 1 year ago,350.0,175.0,180.0,315.0,145.0,165.0
Movers:,,,,,,
Lived within the same prov./terr. 1 year ago but changed address within the same census division,30.0,15.0,15.0,20.0,10.0,15.0
Lived within the same prov./terr. 1 year ago but changed address from another census division.,0.0,10.0,0.0,0.0,0.0,10.0
Lived in a different prov./terr./country 1 year ago,0.0,0.0,0.0,0.0,0.0,10.0
Mobility Status - Place of residence 5 years ago,,,,,,
Total population 5 year and over,365.0,180.0,185.0,315.0,145.0,170.0
Non-movers: Lived at the same address 5 years ago,265.0,130.0,130.0,220.0,105.0,120.0
Movers:,,,,,,
Lived within the same prov./terr. 5 years ago but changed address within the same census division,80.0,35.0,45.0,55.0,25.0,35.0
Lived within the same prov./terr. 5 years ago but changed address from another census division.,25.0,10.0,10.0,40.0,10.0,25.0
Lived in a different prov./terr./country 5 years ago,0.0,0.0,0.0,0.0,0.0,0.0
