Education characteristics,2016,2016,2016,2006,2006,2006
Education characteristics,Total,Male,Female,Total,Male,Female
Highest Degree or Certificate,,,,,,
Population 15 years and over,1280.0,680.0,600.0,1110.0,595.0,515.0
"No degree, certificate or diploma",915.0,495.0,420.0,785.0,430.0,355.0
High school diploma or equivalent only,70.0,35.0,35.0,40.0,15.0,25.0
Trades/apprenticeship or other non-university certificate,235.0,125.0,110.0,220.0,130.0,95.0
University certificate below bachelor level,30.0,10.0,15.0,20.0,10.0,15.0
University degree (bachelor level or higher),35.0,10.0,25.0,40.0,10.0,25.0
