Unnamed: 0_level_0,2016,2016,2016,2006,2006,2006
Unnamed: 0_level_1,Total,Male,Female,Total,Male,Female
Total All persons,2000.0,1075.0,925.0,1780.0,945.0,835.0
Registered Indian,1905.0,1015.0,890.0,1765.0,935.0,830.0
Not a registered Indian,90.0,55.0,40.0,20.0,10.0,0.0
Age characteristics,,,,,,
Total All persons,2000.0,1075.0,925.0,1780.0,945.0,835.0
Age 0-19,920.0,485.0,430.0,845.0,445.0,400.0
Age 20-64,1005.0,550.0,455.0,880.0,470.0,410.0
Age 65 and over,75.0,40.0,35.0,55.0,30.0,30.0
Median Age,22.5,22.9,21.8,21.5,21.7,21.2
