Languages characteristics,2016,2016,2016,2006,2006,2006
Languages characteristics,Total,Male,Female,Total,Male,Female
Language Knowledge,385.0,190.0,200.0,350.0,165.0,185.0
Indigenous language(s),40.0,15.0,25.0,45.0,15.0,30.0
English only **,370.0,180.0,190.0,335.0,160.0,180.0
French only **,0.0,0.0,0.0,0.0,0.0,0.0
English & French **,15.0,10.0,10.0,10.0,0.0,10.0
Other,0.0,10.0,10.0,0.0,0.0,0.0
Pop. with Indigenous languages first learned (%),9.1,5.3,10.0,8.6,6.1,10.8
Pop. with Indigenous spoken at home (%),7.8,5.3,10.0,2.9,6.1,5.4
Pop. with knowledge of Indigenous lang. (%),10.4,7.9,12.5,12.9,9.1,16.2
