Languages characteristics,2016,2016,2016,2006,2006,2006
Languages characteristics,Total,Male,Female,Total,Male,Female
Language Knowledge,1500.0,790.0,715.0,Not available,Not available,Not available
Indigenous language(s),1315.0,685.0,630.0,Not available,Not available,Not available
English only **,1425.0,750.0,670.0,Not available,Not available,Not available
French only **,0.0,0.0,0.0,Not available,Not available,Not available
English & French **,0.0,0.0,0.0,Not available,Not available,Not available
Other,15.0,10.0,10.0,Not available,Not available,Not available
Pop. with Indigenous languages first learned (%),83.3,82.3,84.6,Not available,Not available,Not available
Pop. with Indigenous spoken at home (%),71.0,70.3,71.3,Not available,Not available,Not available
Pop. with knowledge of Indigenous lang. (%),87.7,86.7,88.1,Not available,Not available,Not available
