Workforce Characteristics,2016,2016,2016,2006,2006,2006
Workforce Characteristics,Total,Male,Female,Total,Male,Female
Labour Force Indicators,,,,,,
Participation rate,53.6,57.1,50.0,62.0,60.0,57.7
Employment rate,44.6,42.9,46.4,50.0,48.0,46.2
Unemployment rate,13.3,25.0,0.0,22.6,26.7,20.0
Industry,,,,,,
Population 15 years and over,275.0,135.0,140.0,250,125,130
"Agriculture, resource based",0.0,0.0,0.0,0,10,0
"Manufacturing, construction",25.0,20.0,0.0,25,20,0
"Wholesale, retail",20.0,10.0,10.0,15,15,10
"Finance, real estate",0.0,0.0,0.0,0,0,0
"Health, education",40.0,10.0,30.0,40,10,35
Business services,10.0,0.0,0.0,10,10,10
"Transportation, warehousing",0.0,0.0,0.0,10,0,0
Other services,50.0,30.0,20.0,70,30,45
Occupation,,,,,,
Population 15 years and over,275.0,135.0,140.0,250,125,130
Management,20.0,10.0,10.0,Not available,Not available,Not available
"Natural sciences, health",10.0,0.0,10.0,Not available,Not available,Not available
"Social sciences, gov't",25.0,10.0,20.0,Not available,Not available,Not available
Sales and service,50.0,20.0,30.0,Not available,Not available,Not available
Trades and related,35.0,35.0,0.0,Not available,Not available,Not available
Primary industry,10.0,10.0,0.0,Not available,Not available,Not available
Other Occupations,10.0,0.0,0.0,Not available,Not available,Not available
