NOVA SCOTIA,2016,2016,2016,2006,2006,2006
NOVA SCOTIA,Total,Male,Female,Total,Male,Female
Labour Force Indicators,,,,,,
Participation rate,61.3,65.2,57.6,62.9,68.1,58.2
Employment rate,55.2,57.7,52.8,57.2,61.7,53.0
Unemployment rate,10.0,11.4,8.4,9.1,9.3,8.9
Industry,,,,,,
Population 15 years and over,774750.0,372455.0,402295.0,756595,361155,395440
"Agriculture, resource based",24695.0,19905.0,4780.0,28240,22650,5590
"Manufacturing, construction",71690.0,58295.0,13395.0,77530,61480,16045
"Wholesale, retail",80090.0,39125.0,40955.0,81625,38640,42990
"Finance, real estate",23775.0,10355.0,13415.0,22935,9215,13725
"Health, education",109190.0,24245.0,84945.0,97405,23075,74325
Business services,54530.0,30175.0,24350.0,54755,28830,25920
"Transportation, warehousing",21530.0,16385.0,5155.0,22490,17015,5470
Other services,128590.0,62875.0,65710.0,130670,63940,66725
Occupation,,,,,,
Population 15 years and over,774750.0,372455.0,402295.0,756595,361155,395440
Management,122745.0,48540.0,74210.0,Not available,Not available,Not available
"Natural sciences, health",69790.0,30155.0,39635.0,Not available,Not available,Not available
"Social sciences, gov't",64150.0,23080.0,41075.0,Not available,Not available,Not available
Sales and service,128035.0,51100.0,76935.0,Not available,Not available,Not available
Trades and related,73565.0,69695.0,3870.0,Not available,Not available,Not available
Primary industry,21250.0,18035.0,3215.0,Not available,Not available,Not available
Other Occupations,34545.0,20770.0,13785.0,Not available,Not available,Not available
