Education characteristics,2016,2016,2016,2006,2006,2006
Education characteristics,Total,Male,Female,Total,Male,Female
Highest Degree or Certificate,,,,,,
Population 15 years and over,250.0,135.0,115.0,295.0,160.0,140.0
"No degree, certificate or diploma",145.0,75.0,70.0,175.0,105.0,70.0
High school diploma or equivalent only,50.0,30.0,25.0,70.0,30.0,40.0
Trades/apprenticeship or other non-university certificate,40.0,30.0,15.0,45.0,20.0,25.0
University certificate below bachelor level,0.0,0.0,0.0,10.0,10.0,10.0
University degree (bachelor level or higher),10.0,0.0,0.0,0.0,0.0,10.0
