Languages characteristics,2016,2016,2016,2006,2006,2006
Languages characteristics,Total,Male,Female,Total,Male,Female
Language Knowledge,355.0,185.0,170.0,460.0,240.0,215.0
Indigenous language(s),230.0,125.0,110.0,345.0,185.0,160.0
English only **,345.0,190.0,160.0,425.0,230.0,195.0
French only **,0.0,0.0,0.0,0.0,0.0,0.0
English & French **,0.0,0.0,0.0,0.0,0.0,0.0
Other,0.0,0.0,0.0,0.0,0.0,0.0
Pop. with Indigenous languages first learned (%),60.6,62.2,58.8,71.7,72.9,69.8
Pop. with Indigenous spoken at home (%),54.9,56.8,52.9,72.8,75.0,74.4
Pop. with knowledge of Indigenous lang. (%),64.8,67.6,64.7,75.0,77.1,74.4
