Income characteristics,2016,2016,2016,2006,2006,2006
Income characteristics,Total,Male,Female,Total,Male,Female
Persons 15 years of age and over with income,465,230,235,405,195,205
Avg. total income (all persons with income ($)),19866,16685,23033,15847,15107,16544
All persons with earnings (counts),285,145,140,275,130,145
Avg. earnings (all persons with earnings ($)),20206,19112,21323,16692,17326,16123
Composition of total income (100%),101,100,100,99,100,102
Earnings - % of income,62,72,55,73,77,69
Government transfer - % of income,35,26,40,26,22,29
Other money - % of income,3,3,3,2,1,2
