ONTARIO,2016,2016,2016,2006,2006,2006
ONTARIO,Total,Male,Female,Total,Male,Female
Language Knowledge,13242160.0,6472240.0,6769920.0,12028900.0,5877875.0,6151020.0
Indigenous language(s),33850.0,15815.0,18035.0,30225.0,14655.0,15565.0
English only **,11397055.0,5665420.0,5731635.0,10335700.0,5130945.0,5204755.0
French only **,39025.0,16705.0,22320.0,49205.0,21460.0,27750.0
English & French **,1481995.0,660800.0,821190.0,1377330.0,621285.0,756040.0
Other,4397415.0,2099690.0,2297725.0,3679980.0,1777260.0,1902725.0
Pop. with Indigenous languages first learned (%),0.2,0.2,0.2,0.2,0.2,0.2
Pop. with Indigenous spoken at home (%),0.2,0.2,0.2,0.2,0.2,0.2
Pop. with knowledge of Indigenous lang. (%),0.3,0.2,0.3,0.3,0.2,0.3
