Languages characteristics,2016,2016,2016,2006,2006,2006
Languages characteristics,Total,Male,Female,Total,Male,Female
Language Knowledge,235.0,115.0,115.0,200.0,105.0,100.0
Indigenous language(s),85.0,50.0,35.0,65.0,35.0,30.0
English only **,235.0,115.0,115.0,205.0,100.0,100.0
French only **,0.0,0.0,0.0,0.0,0.0,0.0
English & French **,0.0,0.0,0.0,0.0,0.0,0.0
Other,0.0,0.0,0.0,0.0,0.0,0.0
Pop. with Indigenous languages first learned (%),27.7,30.4,26.1,30.0,28.6,30.0
Pop. with Indigenous spoken at home (%),29.8,34.8,26.1,32.5,28.6,30.0
Pop. with knowledge of Indigenous lang. (%),36.2,43.5,30.4,32.5,33.3,30.0
