Education characteristics,2016,2016,2016,2006,2006,2006
Education characteristics,Total,Male,Female,Total,Male,Female
Highest Degree or Certificate,,,,,,
Population 15 years and over,165.0,85.0,75.0,125.0,60.0,60.0
"No degree, certificate or diploma",70.0,40.0,35.0,50.0,25.0,25.0
High school diploma or equivalent only,50.0,25.0,25.0,40.0,20.0,20.0
Trades/apprenticeship or other non-university certificate,40.0,20.0,10.0,25.0,15.0,10.0
University certificate below bachelor level,0.0,0.0,0.0,0.0,0.0,10.0
University degree (bachelor level or higher),10.0,0.0,0.0,10.0,0.0,10.0
