Languages characteristics,2016,2016,2016,2006,2006,2006
Languages characteristics,Total,Male,Female,Total,Male,Female
Language Knowledge,185.0,105.0,80.0,155.0,85.0,70.0
Indigenous language(s),60.0,40.0,25.0,35.0,15.0,20.0
English only **,185.0,100.0,80.0,150.0,80.0,70.0
French only **,0.0,0.0,0.0,0.0,0.0,0.0
English & French **,0.0,0.0,10.0,0.0,0.0,0.0
Other,0.0,0.0,0.0,0.0,0.0,0.0
Pop. with Indigenous languages first learned (%),8.1,9.5,0.0,12.9,11.8,21.4
Pop. with Indigenous spoken at home (%),27.0,28.6,25.0,16.1,11.8,21.4
Pop. with knowledge of Indigenous lang. (%),32.4,38.1,31.3,22.6,17.6,28.6
