Mobility characteristics,2016,2016,2016,2006,2006,2006
Mobility characteristics,Total,Male,Female,Total,Male,Female
Mobility Status - Place of residence 1 year ago,,,,,,
Total population 1 year and over,85.0,40.0,45.0,85.0,45.0,35.0
Non-movers: Lived at the same address 1 year ago,80.0,40.0,45.0,80.0,45.0,30.0
Movers:,,,,,,
Lived within the same prov./terr. 1 year ago but changed address within the same census division,0.0,0.0,0.0,0.0,0.0,0.0
Lived within the same prov./terr. 1 year ago but changed address from another census division.,0.0,0.0,0.0,0.0,0.0,0.0
Lived in a different prov./terr./country 1 year ago,0.0,0.0,0.0,0.0,0.0,0.0
Mobility Status - Place of residence 5 years ago,,,,,,
Total population 5 year and over,75.0,35.0,40.0,75.0,45.0,35.0
Non-movers: Lived at the same address 5 years ago,60.0,30.0,30.0,50.0,25.0,25.0
Movers:,,,,,,
Lived within the same prov./terr. 5 years ago but changed address within the same census division,15.0,10.0,10.0,10.0,10.0,0.0
Lived within the same prov./terr. 5 years ago but changed address from another census division.,0.0,0.0,0.0,20.0,10.0,0.0
Lived in a different prov./terr./country 5 years ago,0.0,0.0,0.0,0.0,0.0,0.0
