NEW BRUNSWICK,2016,2016,2016,2006,2006,2006
NEW BRUNSWICK,Total,Male,Female,Total,Male,Female
Persons 15 years of age and over with income,594650,289140,305505,573785,279510,294280
Avg. total income (all persons with income ($)),39141,46154,32504,28450,34321,22875
All persons with earnings (counts),423915,218800,205110,409085,213330,195755
Avg. earnings (all persons with earnings ($)),37611,43456,31376,28353,33361,22895
Composition of total income (100%),100,100,100,100,100,100
Earnings - % of income,69,71,65,71,74,67
Government transfer - % of income,17,14,21,17,13,21
Other money - % of income,15,15,14,12,13,12
