Unnamed: 0_level_0,2016,2016,2016,2006,2006,2006
Unnamed: 0_level_1,Total,Male,Female,Total,Male,Female
Total All persons,Not available,Not available,Not available,90.0,50.0,45.0
Registered Indian,Not available,Not available,Not available,65.0,35.0,35.0
Not a registered Indian,Not available,Not available,Not available,25.0,15.0,10.0
Age characteristics,,,,,,
Total All persons,Not available,Not available,Not available,90.0,50.0,45.0
Age 0-19,Not available,Not available,Not available,25.0,15.0,10.0
Age 20-64,Not available,Not available,Not available,50.0,25.0,25.0
Age 65 and over,Not available,Not available,Not available,15.0,0.0,10.0
Median Age,Not available,Not available,Not available,38.0,37.5,42.0
