ONTARIO,2016,2016,2016,2006,2006,2006
ONTARIO,Total,Male,Female,Total,Male,Female
Labour Force Indicators,,,,,,
Participation rate,64.7,69.1,60.6,67.1,72.5,62.1
Employment rate,59.9,63.9,56.1,62.8,68.1,57.8
Unemployment rate,7.4,7.5,7.4,6.4,6.0,6.8
Industry,,,,,,
Population 15 years and over,11038440.0,5342755.0,5695685.0,9819420,4744710,5074710
"Agriculture, resource based",149870.0,104185.0,45695.0,153410,106760,46645
"Manufacturing, construction",1236445.0,958840.0,277605.0,1375440,1028185,347255
"Wholesale, retail",1149650.0,588870.0,560780.0,1125135,564360,560775
"Finance, real estate",557765.0,260845.0,296920.0,472715,204995,267725
"Health, education",1389305.0,326215.0,1063080.0,1138685,270325,868365
Business services,1006715.0,557370.0,449330.0,868595,471095,397500
"Transportation, warehousing",352375.0,258050.0,94325.0,327750,240750,87000
Other services,1736960.0,841495.0,895465.0,1592540,766380,826160
Occupation,,,,,,
Population 15 years and over,11038440.0,5342755.0,5695685.0,9819420,4744710,5074710
Management,2054395.0,891875.0,1162515.0,Not available,Not available,Not available
"Natural sciences, health",1017350.0,515940.0,501405.0,Not available,Not available,Not available
"Social sciences, gov't",904550.0,288790.0,615760.0,Not available,Not available,Not available
Sales and service,1821080.0,786535.0,1034545.0,Not available,Not available,Not available
Trades and related,994020.0,926810.0,67205.0,Not available,Not available,Not available
Primary industry,131435.0,101245.0,30190.0,Not available,Not available,Not available
Other Occupations,656250.0,384685.0,271565.0,Not available,Not available,Not available
