Languages characteristics,2016,2016,2016,2006,2006,2006
Languages characteristics,Total,Male,Female,Total,Male,Female
Language Knowledge,265.0,120.0,145.0,Not available,Not available,Not available
Indigenous language(s),50.0,20.0,30.0,Not available,Not available,Not available
English only **,255.0,115.0,140.0,Not available,Not available,Not available
French only **,0.0,0.0,0.0,Not available,Not available,Not available
English & French **,10.0,0.0,10.0,Not available,Not available,Not available
Other,10.0,10.0,0.0,Not available,Not available,Not available
Pop. with Indigenous languages first learned (%),5.7,0.0,6.9,Not available,Not available,Not available
Pop. with Indigenous spoken at home (%),5.7,8.3,0.0,Not available,Not available,Not available
Pop. with knowledge of Indigenous lang. (%),18.9,16.7,20.7,Not available,Not available,Not available
