Unnamed: 0_level_0,2016,2016,2016,2006,2006,2006
Unnamed: 0_level_1,Total,Male,Female,Total,Male,Female
Total All persons,615.0,285.0,330.0,595.0,300.0,295.0
Registered Indian,570.0,255.0,315.0,535.0,265.0,275.0
Not a registered Indian,45.0,30.0,15.0,55.0,35.0,20.0
Age characteristics,,,,,,
Total All persons,615.0,285.0,330.0,595.0,300.0,295.0
Age 0-19,190.0,95.0,95.0,190.0,110.0,75.0
Age 20-64,340.0,155.0,190.0,330.0,160.0,175.0
Age 65 and over,85.0,35.0,50.0,75.0,30.0,40.0
Median Age,37.5,34.1,39.2,37.2,34.9,40.0
