Education characteristics,2016,2016,2016,2006,2006,2006
Education characteristics,Total,Male,Female,Total,Male,Female
Highest Degree or Certificate,,,,,,
Population 15 years and over,470.0,215.0,255.0,455.0,215.0,235.0
"No degree, certificate or diploma",135.0,70.0,65.0,170.0,90.0,75.0
High school diploma or equivalent only,110.0,40.0,70.0,85.0,40.0,40.0
Trades/apprenticeship or other non-university certificate,180.0,90.0,85.0,155.0,75.0,70.0
University certificate below bachelor level,25.0,0.0,20.0,15.0,0.0,15.0
University degree (bachelor level or higher),25.0,10.0,20.0,40.0,10.0,30.0
