Mobility characteristics,2016,2016,2016,2006,2006,2006
Mobility characteristics,Total,Male,Female,Total,Male,Female
Mobility Status - Place of residence 1 year ago,,,,,,
Total population 1 year and over,Not available,Not available,Not available,740.0,345.0,400.0
Non-movers: Lived at the same address 1 year ago,Not available,Not available,Not available,690.0,325.0,360.0
Movers:,,,,,,
Lived within the same prov./terr. 1 year ago but changed address within the same census division,Not available,Not available,Not available,50.0,20.0,30.0
Lived within the same prov./terr. 1 year ago but changed address from another census division.,Not available,Not available,Not available,0.0,10.0,0.0
Lived in a different prov./terr./country 1 year ago,Not available,Not available,Not available,10.0,0.0,0.0
Mobility Status - Place of residence 5 years ago,,,,,,
Total population 5 year and over,Not available,Not available,Not available,690.0,320.0,375.0
Non-movers: Lived at the same address 5 years ago,Not available,Not available,Not available,525.0,235.0,290.0
Movers:,,,,,,
Lived within the same prov./terr. 5 years ago but changed address within the same census division,Not available,Not available,Not available,150.0,75.0,70.0
Lived within the same prov./terr. 5 years ago but changed address from another census division.,Not available,Not available,Not available,10.0,0.0,10.0
Lived in a different prov./terr./country 5 years ago,Not available,Not available,Not available,10.0,0.0,0.0
