Income characteristics,2016,2016,2016,2006,2006,2006
Income characteristics,Total,Male,Female,Total,Male,Female
Persons 15 years of age and over with income,140,75,75,155,80,75
Avg. total income (all persons with income ($)),23434,17541,29245,13481,11091,15902
All persons with earnings (counts),115,55,60,95,45,50
Avg. earnings (all persons with earnings ($)),17202,15355,18894,12092,12603,11613
Composition of total income (100%),104,93,93,97,100,107
Earnings - % of income,58,69,52,52,64,46
Government transfer - % of income,40,29,44,46,36,55
Other money - % of income,1,3,0,0,0,0
