Education characteristics,2016,2016,2016,2006,2006,2006
Education characteristics,Total,Male,Female,Total,Male,Female
Highest Degree or Certificate,,,,,,
Population 15 years and over,150.0,75.0,75.0,170.0,85.0,85.0
"No degree, certificate or diploma",100.0,50.0,45.0,140.0,75.0,65.0
High school diploma or equivalent only,10.0,10.0,10.0,10.0,10.0,0.0
Trades/apprenticeship or other non-university certificate,40.0,25.0,20.0,10.0,0.0,10.0
University certificate below bachelor level,0.0,0.0,0.0,0.0,0.0,0.0
University degree (bachelor level or higher),0.0,0.0,10.0,0.0,0.0,0.0
