QUEBEC,2016,2016,2016,2006,2006,2006
QUEBEC,Total,Male,Female,Total,Male,Female
Persons 15 years of age and over with income,6417010,3159420,3257595,5876975,2884710,2992260
Avg. total income (all persons with income ($)),42546,49087,36203,32074,38509,25870
All persons with earnings (counts),4627775,2408650,2219120,4225880,2221995,2003885
Avg. earnings (all persons with earnings ($)),40382,45974,34313,32639,38359,26297
Composition of total income (100%),100,100,100,100,100,100
Earnings - % of income,68,71,65,73,77,68
Government transfer - % of income,16,12,21,14,10,20
Other money - % of income,16,17,15,13,13,12
