Mobility characteristics,2016,2016,2016,2006,2006,2006
Mobility characteristics,Total,Male,Female,Total,Male,Female
Mobility Status - Place of residence 1 year ago,,,,,,
Total population 1 year and over,575.0,295.0,285.0,670.0,350.0,320.0
Non-movers: Lived at the same address 1 year ago,550.0,280.0,270.0,595.0,310.0,290.0
Movers:,,,,,,
Lived within the same prov./terr. 1 year ago but changed address within the same census division,20.0,15.0,10.0,50.0,30.0,25.0
Lived within the same prov./terr. 1 year ago but changed address from another census division.,0.0,10.0,0.0,15.0,0.0,10.0
Lived in a different prov./terr./country 1 year ago,0.0,0.0,0.0,0.0,0.0,0.0
Mobility Status - Place of residence 5 years ago,,,,,,
Total population 5 year and over,515.0,260.0,255.0,620.0,325.0,295.0
Non-movers: Lived at the same address 5 years ago,395.0,205.0,190.0,405.0,210.0,195.0
Movers:,,,,,,
Lived within the same prov./terr. 5 years ago but changed address within the same census division,105.0,50.0,55.0,155.0,80.0,70.0
Lived within the same prov./terr. 5 years ago but changed address from another census division.,20.0,10.0,10.0,55.0,30.0,30.0
Lived in a different prov./terr./country 5 years ago,0.0,0.0,0.0,0.0,10.0,0.0
