Languages characteristics,2016,2016,2016,2006,2006,2006
Languages characteristics,Total,Male,Female,Total,Male,Female
Language Knowledge,525.0,245.0,280.0,485.0,240.0,250.0
Indigenous language(s),280.0,130.0,150.0,335.0,160.0,175.0
English only **,20.0,10.0,10.0,20.0,15.0,10.0
French only **,185.0,85.0,100.0,195.0,90.0,105.0
English & French **,315.0,155.0,165.0,255.0,130.0,130.0
Other,10.0,10.0,0.0,0.0,0.0,0.0
Pop. with Indigenous languages first learned (%),39.0,38.8,41.1,50.5,47.9,52.0
Pop. with Indigenous spoken at home (%),41.9,38.8,44.6,38.1,33.3,42.0
Pop. with knowledge of Indigenous lang. (%),53.3,53.1,53.6,69.1,66.7,70.0
