Mobility characteristics,2016,2016,2016,2006,2006,2006
Mobility characteristics,Total,Male,Female,Total,Male,Female
Mobility Status - Place of residence 1 year ago,,,,,,
Total population 1 year and over,520.0,245.0,280.0,480.0,235.0,245.0
Non-movers: Lived at the same address 1 year ago,445.0,210.0,240.0,435.0,220.0,220.0
Movers:,,,,,,
Lived within the same prov./terr. 1 year ago but changed address within the same census division,55.0,20.0,30.0,30.0,15.0,15.0
Lived within the same prov./terr. 1 year ago but changed address from another census division.,25.0,10.0,10.0,10.0,0.0,0.0
Lived in a different prov./terr./country 1 year ago,0.0,0.0,0.0,0.0,0.0,0.0
Mobility Status - Place of residence 5 years ago,,,,,,
Total population 5 year and over,480.0,225.0,255.0,435.0,215.0,225.0
Non-movers: Lived at the same address 5 years ago,365.0,170.0,195.0,290.0,135.0,160.0
Movers:,,,,,,
Lived within the same prov./terr. 5 years ago but changed address within the same census division,70.0,30.0,45.0,115.0,65.0,50.0
Lived within the same prov./terr. 5 years ago but changed address from another census division.,40.0,25.0,20.0,35.0,15.0,20.0
Lived in a different prov./terr./country 5 years ago,0.0,0.0,10.0,10.0,0.0,0.0
