Income characteristics,2016,2016,2016,2006,2006,2006
Income characteristics,Total,Male,Female,Total,Male,Female
Persons 15 years of age and over with income,680,350,330,590,300,285
Avg. total income (all persons with income ($)),20698,17898,23695,23487,25104,21791
All persons with earnings (counts),475,245,235,435,230,210
Avg. earnings (all persons with earnings ($)),16369,17798,14873,22998,27529,18078
Composition of total income (100%),100,101,100,100,100,100
Earnings - % of income,55,69,45,73,84,61
Government transfer - % of income,37,25,48,25,15,37
Other money - % of income,7,6,8,2,1,3
