Mobility characteristics,2016,2016,2016,2006,2006,2006
Mobility characteristics,Total,Male,Female,Total,Male,Female
Mobility Status - Place of residence 1 year ago,,,,,,
Total population 1 year and over,745.0,390.0,350.0,620.0,315.0,310.0
Non-movers: Lived at the same address 1 year ago,665.0,345.0,315.0,555.0,285.0,265.0
Movers:,,,,,,
Lived within the same prov./terr. 1 year ago but changed address within the same census division,65.0,40.0,25.0,50.0,20.0,25.0
Lived within the same prov./terr. 1 year ago but changed address from another census division.,10.0,0.0,10.0,15.0,10.0,10.0
Lived in a different prov./terr./country 1 year ago,0.0,0.0,0.0,0.0,0.0,10.0
Mobility Status - Place of residence 5 years ago,,,,,,
Total population 5 year and over,680.0,360.0,325.0,570.0,285.0,280.0
Non-movers: Lived at the same address 5 years ago,470.0,245.0,225.0,375.0,195.0,185.0
Movers:,,,,,,
Lived within the same prov./terr. 5 years ago but changed address within the same census division,175.0,95.0,75.0,155.0,75.0,80.0
Lived within the same prov./terr. 5 years ago but changed address from another census division.,30.0,20.0,10.0,20.0,10.0,15.0
Lived in a different prov./terr./country 5 years ago,0.0,0.0,0.0,15.0,10.0,10.0
