Education characteristics,2016,2016,2016,2006,2006,2006
Education characteristics,Total,Male,Female,Total,Male,Female
Highest Degree or Certificate,,,,,,
Population 15 years and over,555.0,280.0,275.0,450.0,225.0,225.0
"No degree, certificate or diploma",245.0,140.0,110.0,210.0,110.0,100.0
High school diploma or equivalent only,75.0,30.0,45.0,95.0,40.0,55.0
Trades/apprenticeship or other non-university certificate,195.0,105.0,95.0,105.0,60.0,40.0
University certificate below bachelor level,10.0,0.0,10.0,10.0,0.0,10.0
University degree (bachelor level or higher),30.0,10.0,15.0,30.0,10.0,20.0
