Income characteristics,2016,2016,2016,2006,2006,2006
Income characteristics,Total,Male,Female,Total,Male,Female
Persons 15 years of age and over with income,515,265,250,435,220,220
Avg. total income (all persons with income ($)),38789,35739,41999,27429,28049,26817
All persons with earnings (counts),470,245,225,375,190,175
Avg. earnings (all persons with earnings ($)),32621,31252,34086,27080,28286,25780
Composition of total income (100%),100,100,100,100,100,102
Earnings - % of income,78,82,75,84,92,77
Government transfer - % of income,17,11,23,14,8,20
Other money - % of income,5,8,3,2,2,2
