Unnamed: 0_level_0,2016,2016,2016,2006,2006,2006
Unnamed: 0_level_1,Total,Male,Female,Total,Male,Female
Total All persons,760.0,400.0,360.0,640.0,325.0,315.0
Registered Indian,735.0,395.0,345.0,620.0,320.0,305.0
Not a registered Indian,20.0,10.0,15.0,20.0,10.0,15.0
Age characteristics,,,,,,
Total All persons,760.0,400.0,360.0,640.0,325.0,315.0
Age 0-19,275.0,155.0,120.0,250.0,135.0,115.0
Age 20-64,445.0,230.0,215.0,370.0,180.0,185.0
Age 65 and over,35.0,20.0,15.0,20.0,10.0,15.0
Median Age,27.4,26.1,28.9,25.2,24.4,26.3
