Unnamed: 0_level_0,2016,2016,2016,2006,2006,2006
Unnamed: 0_level_1,Total,Male,Female,Total,Male,Female
Total All persons,345.0,180.0,160.0,195.0,95.0,100.0
Registered Indian,305.0,165.0,135.0,185.0,90.0,95.0
Not a registered Indian,40.0,15.0,20.0,10.0,10.0,0.0
Age characteristics,,,,,,
Total All persons,345.0,180.0,160.0,195.0,95.0,100.0
Age 0-19,70.0,40.0,35.0,55.0,25.0,30.0
Age 20-64,205.0,115.0,90.0,115.0,60.0,55.0
Age 65 and over,65.0,30.0,35.0,25.0,10.0,10.0
Median Age,49.1,50.1,48.1,40.2,41.0,39.5
