Mobility characteristics,2016,2016,2016,2006,2006,2006
Mobility characteristics,Total,Male,Female,Total,Male,Female
Mobility Status - Place of residence 1 year ago,,,,,,
Total population 1 year and over,225.0,110.0,115.0,230.0,125.0,105.0
Non-movers: Lived at the same address 1 year ago,220.0,110.0,115.0,225.0,120.0,105.0
Movers:,,,,,,
Lived within the same prov./terr. 1 year ago but changed address within the same census division,0.0,0.0,0.0,10.0,0.0,0.0
Lived within the same prov./terr. 1 year ago but changed address from another census division.,0.0,0.0,0.0,0.0,0.0,0.0
Lived in a different prov./terr./country 1 year ago,0.0,0.0,0.0,10.0,10.0,0.0
Mobility Status - Place of residence 5 years ago,,,,,,
Total population 5 year and over,215.0,105.0,110.0,215.0,115.0,100.0
Non-movers: Lived at the same address 5 years ago,200.0,100.0,100.0,170.0,90.0,75.0
Movers:,,,,,,
Lived within the same prov./terr. 5 years ago but changed address within the same census division,10.0,0.0,10.0,35.0,15.0,15.0
Lived within the same prov./terr. 5 years ago but changed address from another census division.,0.0,0.0,0.0,10.0,0.0,0.0
Lived in a different prov./terr./country 5 years ago,0.0,0.0,0.0,0.0,10.0,0.0
