Education characteristics,2016,2016,2016,2006,2006,2006
Education characteristics,Total,Male,Female,Total,Male,Female
Highest Degree or Certificate,,,,,,
Population 15 years and over,440.0,200.0,240.0,410.0,195.0,210.0
"No degree, certificate or diploma",105.0,45.0,60.0,150.0,70.0,80.0
High school diploma or equivalent only,170.0,95.0,80.0,95.0,50.0,45.0
Trades/apprenticeship or other non-university certificate,120.0,50.0,70.0,125.0,70.0,60.0
University certificate below bachelor level,10.0,0.0,0.0,10.0,10.0,10.0
University degree (bachelor level or higher),30.0,0.0,25.0,30.0,10.0,25.0
