Province: NEW BRUNSWICK,Province: NEW BRUNSWICK,Province: NEW BRUNSWICK,Province: NEW BRUNSWICK,Province: NEW BRUNSWICK,Province: NEW BRUNSWICK,Province: NEW BRUNSWICK
Unnamed: 0_level_1,2016,2016,2016,2006,2006,2006
Unnamed: 0_level_2,Total,Male,Female,Total,Male,Female
Total All persons,730705.0,357855.0,372850.0,719650.0,351150.0,368500.0
Registered Indian,14305.0,7080.0,7225.0,10860.0,5250.0,5610.0
Not a registered Indian,716400.0,350775.0,365625.0,708790.0,345900.0,362890.0
Age characteristics,,,,,,
Total All persons,730705.0,357855.0,372850.0,719650.0,351150.0,368500.0
Age 0-19,150630.0,77070.0,73560.0,165955.0,85560.0,80390.0
Age 20-64,441670.0,215390.0,226275.0,452475.0,221135.0,231345.0
Age 65 and over,138410.0,65395.0,73015.0,101220.0,44460.0,56760.0
Median Age,45.2,44.5,45.9,41.2,40.5,41.9
