Mobility characteristics,2016,2016,2016,2006,2006,2006
Mobility characteristics,Total,Male,Female,Total,Male,Female
Mobility Status - Place of residence 1 year ago,,,,,,
Total population 1 year and over,570.0,270.0,305.0,555.0,270.0,290.0
Non-movers: Lived at the same address 1 year ago,545.0,255.0,290.0,535.0,260.0,275.0
Movers:,,,,,,
Lived within the same prov./terr. 1 year ago but changed address within the same census division,25.0,10.0,15.0,25.0,10.0,15.0
Lived within the same prov./terr. 1 year ago but changed address from another census division.,0.0,0.0,0.0,0.0,0.0,0.0
Lived in a different prov./terr./country 1 year ago,0.0,0.0,0.0,0.0,0.0,0.0
Mobility Status - Place of residence 5 years ago,,,,,,
Total population 5 year and over,530.0,245.0,290.0,530.0,255.0,275.0
Non-movers: Lived at the same address 5 years ago,415.0,190.0,225.0,400.0,200.0,200.0
Movers:,,,,,,
Lived within the same prov./terr. 5 years ago but changed address within the same census division,100.0,45.0,60.0,85.0,40.0,50.0
Lived within the same prov./terr. 5 years ago but changed address from another census division.,10.0,10.0,0.0,20.0,10.0,15.0
Lived in a different prov./terr./country 5 years ago,10.0,10.0,0.0,20.0,10.0,10.0
