NEW BRUNSWICK,2016,2016,2016,2006,2006,2006
NEW BRUNSWICK,Total,Male,Female,Total,Male,Female
Mobility Status - Place of residence 1 year ago,,,,,,
Total population 1 year and over,724030.0,354435.0,369600.0,712855.0,347590.0,365260.0
Non-movers: Lived at the same address 1 year ago,641310.0,314280.0,327025.0,626890.0,306095.0,320795.0
Movers:,,,,,,
Lived within the same prov./terr. 1 year ago but changed address within the same census division,58350.0,27915.0,30440.0,61910.0,29665.0,32240.0
Lived within the same prov./terr. 1 year ago but changed address from another census division.,9275.0,4470.0,4805.0,11015.0,5170.0,5845.0
Lived in a different prov./terr./country 1 year ago,15090.0,7765.0,7330.0,13025.0,6660.0,6370.0
Mobility Status - Place of residence 5 years ago,,,,,,
Total population 5 year and over,696160.0,340305.0,355850.0,685145.0,333580.0,351565.0
Non-movers: Lived at the same address 5 years ago,480835.0,237155.0,243680.0,462160.0,226780.0,235385.0
Movers:,,,,,,
Lived within the same prov./terr. 5 years ago but changed address within the same census division,146235.0,69070.0,77170.0,152615.0,72405.0,80210.0
Lived within the same prov./terr. 5 years ago but changed address from another census division.,28240.0,13345.0,14895.0,31190.0,14910.0,16275.0
Lived in a different prov./terr./country 5 years ago,40845.0,20735.0,20105.0,39175.0,19485.0,19695.0
