NEW BRUNSWICK,2016,2016,2016,2006,2006,2006
NEW BRUNSWICK,Total,Male,Female,Total,Male,Female
Population 15 years and over,620395,301645,318745,601425,290505,310920
"No degree, certificate or diploma",136740,71605,65140,176660,89395,87265
High school diploma or equivalent only,176750,85345,91405,156365,71845,84520
Trades/apprenticeship or other non-university certificate,191655,96025,95635,170745,86850,83885
University certificate below bachelor level,11610,3990,7620,19555,6935,12620
University degree (bachelor level or higher),103630,44685,58945,78110,35480,42625
