Income characteristics,2016,2016,2016,2006,2006,2006
Income characteristics,Total,Male,Female,Total,Male,Female
Persons 15 years of age and over with income,1225,570,650,1150,560,590
Avg. total income (all persons with income ($)),22232,23523,21098,16810,16298,17298
All persons with earnings (counts),730,380,345,685,320,365
Avg. earnings (all persons with earnings ($)),20989,20856,21136,18300,19385,17352
Composition of total income (100%),100,100,100,100,100,100
Earnings - % of income,56,59,54,65,68,63
Government transfer - % of income,40,36,44,33,30,36
Other money - % of income,4,5,3,2,2,1
