NEW BRUNSWICK,2016,2016,2016,2006,2006,2006
NEW BRUNSWICK,Total,Male,Female,Total,Male,Female
Language Knowledge,730710.0,357855.0,372850.0,719650.0,351150.0,368500.0
Indigenous language(s),3065.0,1470.0,1595.0,3555.0,1730.0,1830.0
English only **,417760.0,208770.0,208990.0,405045.0,201550.0,203495.0
French only **,61990.0,29715.0,32280.0,73750.0,34590.0,39165.0
English & French **,248555.0,118130.0,130420.0,240085.0,114620.0,125470.0
Other,31810.0,15890.0,15930.0,22275.0,10630.0,11650.0
Pop. with Indigenous languages first learned (%),0.3,0.3,0.3,0.4,0.5,0.4
Pop. with Indigenous spoken at home (%),0.3,0.3,0.3,0.3,0.3,0.3
Pop. with knowledge of Indigenous lang. (%),0.4,0.4,0.4,0.5,0.5,0.5
