Province: NOVA SCOTIA,Province: NOVA SCOTIA,Province: NOVA SCOTIA,Province: NOVA SCOTIA,Province: NOVA SCOTIA,Province: NOVA SCOTIA,Province: NOVA SCOTIA
Unnamed: 0_level_1,2016,2016,2016,2006,2006,2006
Unnamed: 0_level_2,Total,Male,Female,Total,Male,Female
Total All persons,908340.0,440735.0,467610.0,903090.0,435565.0,467520.0
Registered Indian,18940.0,9135.0,9805.0,12420.0,5860.0,6565.0
Not a registered Indian,889400.0,431600.0,457805.0,890670.0,429705.0,460955.0
Age characteristics,,,,,,
Total All persons,908340.0,440735.0,467610.0,903090.0,435565.0,467520.0
Age 0-19,184690.0,94660.0,90025.0,207925.0,106180.0,101745.0
Age 20-64,549935.0,265615.0,284325.0,564080.0,271975.0,292105.0
Age 65 and over,173715.0,80460.0,93255.0,131070.0,57400.0,73670.0
Median Age,45.1,44.3,45.8,41.6,40.8,42.3
