Languages characteristics,2016,2016,2016,2006,2006,2006
Languages characteristics,Total,Male,Female,Total,Male,Female
Language Knowledge,50.0,20.0,25.0,45.0,20.0,25.0
Indigenous language(s),0.0,0.0,0.0,0.0,0.0,0.0
English only **,40.0,15.0,25.0,40.0,20.0,25.0
French only **,0.0,0.0,0.0,0.0,0.0,0.0
English & French **,10.0,0.0,10.0,0.0,0.0,0.0
Other,0.0,0.0,0.0,0.0,0.0,0.0
Pop. with Indigenous languages first learned (%),20.0,50.0,0.0,22.2,0.0,0.0
Pop. with Indigenous spoken at home (%),20.0,0.0,0.0,0.0,0.0,0.0
Pop. with knowledge of Indigenous lang. (%),0.0,0.0,0.0,0.0,0.0,0.0
