Languages characteristics,2016,2016,2016,2006,2006,2006
Languages characteristics,Total,Male,Female,Total,Male,Female
Language Knowledge,360.0,185.0,175.0,Not available,Not available,Not available
Indigenous language(s),230.0,115.0,115.0,Not available,Not available,Not available
English only **,345.0,185.0,165.0,Not available,Not available,Not available
French only **,0.0,0.0,0.0,Not available,Not available,Not available
English & French **,0.0,10.0,0.0,Not available,Not available,Not available
Other,0.0,0.0,0.0,Not available,Not available,Not available
Pop. with Indigenous languages first learned (%),61.1,59.5,65.7,Not available,Not available,Not available
Pop. with Indigenous spoken at home (%),54.2,51.4,60.0,Not available,Not available,Not available
Pop. with knowledge of Indigenous lang. (%),63.9,62.2,65.7,Not available,Not available,Not available
