Education characteristics,2016,2016,2016,2006,2006,2006
Education characteristics,Total,Male,Female,Total,Male,Female
Highest Degree or Certificate,,,,,,
Population 15 years and over,725.0,370.0,360.0,660.0,315.0,345.0
"No degree, certificate or diploma",245.0,135.0,105.0,265.0,135.0,130.0
High school diploma or equivalent only,205.0,105.0,95.0,120.0,50.0,70.0
Trades/apprenticeship or other non-university certificate,235.0,110.0,120.0,225.0,110.0,120.0
University certificate below bachelor level,15.0,0.0,15.0,15.0,10.0,0.0
University degree (bachelor level or higher),35.0,10.0,25.0,35.0,15.0,20.0
