Marital Status,2016,2016,2016,2006,2006,2006
Marital Status,Total,Male,Female,Total,Male,Female
Total Population 15 years and over,255,125,130,Not available,Not available,Not available
Married (incl common-law),115,55,60,Not available,Not available,Not available
Separated,10,10,0,Not available,Not available,Not available
Divorced,0,0,0,Not available,Not available,Not available
Widowed,20,10,15,Not available,Not available,Not available
Never married,110,60,60,Not available,Not available,Not available
