Income characteristics,2016,2016,2016,2006,2006,2006
Income characteristics,Total,Male,Female,Total,Male,Female
Persons 15 years of age and over with income,395,195,205,410,220,190
Avg. total income (all persons with income ($)),16410,11900,20765,11599,9863,13630
All persons with earnings (counts),170,80,95,200,110,90
Avg. earnings (all persons with earnings ($)),22277,18820,25207,16194,13909,19103
Composition of total income (100%),100,100,100,99,100,100
Earnings - % of income,58,61,58,68,71,64
Government transfer - % of income,39,34,43,31,27,34
Other money - % of income,3,4,3,1,1,1
