Unnamed: 0_level_0,2016,2016,2016,2006,2006,2006
Unnamed: 0_level_1,Total,Male,Female,Total,Male,Female
Total All persons,365.0,170.0,190.0,Not available,Not available,Not available
Registered Indian,240.0,105.0,135.0,Not available,Not available,Not available
Not a registered Indian,125.0,70.0,55.0,Not available,Not available,Not available
Age characteristics,,,,,,
Total All persons,365.0,170.0,190.0,Not available,Not available,Not available
Age 0-19,70.0,35.0,35.0,Not available,Not available,Not available
Age 20-64,215.0,95.0,120.0,Not available,Not available,Not available
Age 65 and over,75.0,35.0,35.0,Not available,Not available,Not available
Median Age,46.4,44.0,46.9,Not available,Not available,Not available
