Marital Status,2016,2016,2016,2006,2006,2006
Marital Status,Total,Male,Female,Total,Male,Female
Total Population 15 years and over,320,150,170,Not available,Not available,Not available
Married (incl common-law),165,80,80,Not available,Not available,Not available
Separated,10,0,10,Not available,Not available,Not available
Divorced,20,10,15,Not available,Not available,Not available
Widowed,30,0,20,Not available,Not available,Not available
Never married,90,45,45,Not available,Not available,Not available
