Languages characteristics,2016,2016,2016,2006,2006,2006
Languages characteristics,Total,Male,Female,Total,Male,Female
Language Knowledge,135.0,65.0,75.0,100.0,45.0,55.0
Indigenous language(s),50.0,25.0,25.0,40.0,15.0,20.0
English only **,115.0,50.0,60.0,90.0,40.0,55.0
French only **,0.0,0.0,0.0,0.0,0.0,0.0
English & French **,25.0,15.0,10.0,0.0,10.0,0.0
Other,0.0,0.0,0.0,10.0,0.0,0.0
Pop. with Indigenous languages first learned (%),40.7,38.5,40.0,25.0,22.2,27.3
Pop. with Indigenous spoken at home (%),25.9,23.1,26.7,15.0,0.0,18.2
Pop. with knowledge of Indigenous lang. (%),37.0,38.5,33.3,40.0,33.3,36.4
