Income characteristics,2016,2016,2016,2006,2006,2006
Income characteristics,Total,Male,Female,Total,Male,Female
Persons 15 years of age and over with income,Not available,Not available,Not available,Not available,Not available,Not available
Avg. total income (all persons with income ($)),Not available,Not available,Not available,Not available,Not available,Not available
All persons with earnings (counts),Not available,Not available,Not available,Not available,Not available,Not available
Avg. earnings (all persons with earnings ($)),Not available,Not available,Not available,Not available,Not available,Not available
Composition of total income (100%),Not available,Not available,Not available,Not available,Not available,Not available
Earnings - % of income,Not available,Not available,Not available,Not available,Not available,Not available
Government transfer - % of income,Not available,Not available,Not available,Not available,Not available,Not available
Other money - % of income,Not available,Not available,Not available,Not available,Not available,Not available
