Marital Status,2016,2016,2016,2006,2006,2006
Marital Status,Total,Male,Female,Total,Male,Female
Total Population 15 years and over,235,105,125,Not available,Not available,Not available
Married (incl common-law),165,85,80,Not available,Not available,Not available
Separated,10,0,0,Not available,Not available,Not available
Divorced,10,0,10,Not available,Not available,Not available
Widowed,15,10,10,Not available,Not available,Not available
Never married,45,20,20,Not available,Not available,Not available
