Income characteristics,2016,2016,2016,2006,2006,2006
Income characteristics,Total,Male,Female,Total,Male,Female
Persons 15 years of age and over with income,510,250,265,390,195,195
Avg. total income (all persons with income ($)),21318,20650,21953,13150,12377,13944
All persons with earnings (counts),385,215,170,240,135,100
Avg. earnings (all persons with earnings ($)),17564,17509,17636,14012,13328,14965
Composition of total income (100%),100,100,100,101,100,103
Earnings - % of income,62,76,53,66,77,57
Government transfer - % of income,37,25,49,34,24,44
Other money - % of income,0,0,0,1,1,1
