Mobility characteristics,2016,2016,2016,2006,2006,2006
Mobility characteristics,Total,Male,Female,Total,Male,Female
Mobility Status - Place of residence 1 year ago,,,,,,
Total population 1 year and over,825.0,405.0,420.0,665.0,335.0,325.0
Non-movers: Lived at the same address 1 year ago,770.0,380.0,390.0,635.0,320.0,315.0
Movers:,,,,,,
Lived within the same prov./terr. 1 year ago but changed address within the same census division,55.0,25.0,25.0,30.0,20.0,10.0
Lived within the same prov./terr. 1 year ago but changed address from another census division.,0.0,0.0,0.0,0.0,0.0,0.0
Lived in a different prov./terr./country 1 year ago,10.0,10.0,0.0,0.0,0.0,0.0
Mobility Status - Place of residence 5 years ago,,,,,,
Total population 5 year and over,740.0,370.0,370.0,580.0,295.0,285.0
Non-movers: Lived at the same address 5 years ago,605.0,300.0,305.0,400.0,205.0,200.0
Movers:,,,,,,
Lived within the same prov./terr. 5 years ago but changed address within the same census division,120.0,60.0,55.0,170.0,90.0,80.0
Lived within the same prov./terr. 5 years ago but changed address from another census division.,10.0,0.0,0.0,10.0,10.0,10.0
Lived in a different prov./terr./country 5 years ago,10.0,10.0,0.0,0.0,0.0,0.0
