Languages characteristics,2016,2016,2016,2006,2006,2006
Languages characteristics,Total,Male,Female,Total,Male,Female
Language Knowledge,850.0,420.0,435.0,685.0,345.0,335.0
Indigenous language(s),725.0,350.0,375.0,630.0,315.0,310.0
English only **,795.0,395.0,405.0,620.0,320.0,300.0
French only **,0.0,0.0,0.0,0.0,0.0,0.0
English & French **,0.0,0.0,0.0,0.0,0.0,0.0
Other,10.0,0.0,0.0,0.0,0.0,0.0
Pop. with Indigenous languages first learned (%),78.8,79.8,78.2,90.5,89.9,94.0
Pop. with Indigenous spoken at home (%),82.9,81.0,82.8,91.2,91.3,92.5
Pop. with knowledge of Indigenous lang. (%),85.3,83.3,86.2,92.0,91.3,92.5
