Languages characteristics,2016,2016,2016,2006,2006,2006
Languages characteristics,Total,Male,Female,Total,Male,Female
Language Knowledge,485.0,235.0,255.0,465.0,220.0,240.0
Indigenous language(s),60.0,25.0,40.0,95.0,45.0,50.0
English only **,460.0,220.0,235.0,445.0,215.0,230.0
French only **,0.0,0.0,0.0,0.0,0.0,0.0
English & French **,30.0,10.0,20.0,20.0,10.0,15.0
Other,0.0,10.0,0.0,0.0,0.0,0.0
Pop. with Indigenous languages first learned (%),9.3,8.5,9.8,14.0,11.4,16.7
Pop. with Indigenous spoken at home (%),10.3,6.4,13.7,7.5,4.5,10.4
Pop. with knowledge of Indigenous lang. (%),12.4,10.6,15.7,20.4,20.5,20.8
