Mobility characteristics,2016,2016,2016,2006,2006,2006
Mobility characteristics,Total,Male,Female,Total,Male,Female
Mobility Status - Place of residence 1 year ago,,,,,,
Total population 1 year and over,480.0,225.0,250.0,455.0,215.0,240.0
Non-movers: Lived at the same address 1 year ago,465.0,215.0,250.0,400.0,185.0,210.0
Movers:,,,,,,
Lived within the same prov./terr. 1 year ago but changed address within the same census division,10.0,10.0,0.0,55.0,30.0,25.0
Lived within the same prov./terr. 1 year ago but changed address from another census division.,10.0,0.0,0.0,0.0,0.0,0.0
Lived in a different prov./terr./country 1 year ago,0.0,0.0,0.0,0.0,0.0,10.0
Mobility Status - Place of residence 5 years ago,,,,,,
Total population 5 year and over,445.0,210.0,240.0,420.0,195.0,225.0
Non-movers: Lived at the same address 5 years ago,375.0,175.0,210.0,300.0,135.0,165.0
Movers:,,,,,,
Lived within the same prov./terr. 5 years ago but changed address within the same census division,50.0,30.0,25.0,100.0,50.0,50.0
Lived within the same prov./terr. 5 years ago but changed address from another census division.,10.0,0.0,10.0,10.0,10.0,0.0
Lived in a different prov./terr./country 5 years ago,0.0,0.0,0.0,15.0,0.0,10.0
