NEW BRUNSWICK,2016,2016,2016,2006,2006,2006
NEW BRUNSWICK,Total,Male,Female,Total,Male,Female
Labour Force Indicators,,,,,,
Participation rate,61.5,65.3,58.0,63.7,68.8,58.9
Employment rate,54.7,56.4,53.0,57.3,61.1,53.8
Unemployment rate,11.2,13.7,8.5,10.0,11.2,8.7
Industry,,,,,,
Population 15 years and over,620390.0,301650.0,318745.0,601420,290500,310920
"Agriculture, resource based",22235.0,17925.0,4315.0,26165,20950,5215
"Manufacturing, construction",66290.0,53300.0,12995.0,72360,56165,16190
"Wholesale, retail",62900.0,31735.0,31165.0,64060,31595,32465
"Finance, real estate",17440.0,6780.0,10665.0,16965,6425,10540
"Health, education",83805.0,17610.0,66185.0,73930,16350,57580
Business services,40180.0,21900.0,18285.0,40495,21100,19400
"Transportation, warehousing",19260.0,14560.0,4695.0,21695,15640,6055
Other services,101580.0,49070.0,52510.0,101645,48600,53040
Occupation,,,,,,
Population 15 years and over,620390.0,301650.0,318745.0,601420,290500,310920
Management,93420.0,37210.0,56210.0,Not available,Not available,Not available
"Natural sciences, health",54475.0,22355.0,32125.0,Not available,Not available,Not available
"Social sciences, gov't",49995.0,16735.0,33260.0,Not available,Not available,Not available
Sales and service,103505.0,41070.0,62430.0,Not available,Not available,Not available
Trades and related,66180.0,62925.0,3255.0,Not available,Not available,Not available
Primary industry,17210.0,14470.0,2735.0,Not available,Not available,Not available
Other Occupations,28910.0,18110.0,10795.0,Not available,Not available,Not available
