Income characteristics,2016,2016,2016,2006,2006,2006
Income characteristics,Total,Male,Female,Total,Male,Female
Persons 15 years of age and over with income,575,250,325,565,265,305
Avg. total income (all persons with income ($)),18949,17658,19949,16322,14818,17628
All persons with earnings (counts),305,150,150,295,150,150
Avg. earnings (all persons with earnings ($)),20665,20854,20473,21883,19551,24246
Composition of total income (100%),100,100,100,100,100,100
Earnings - % of income,58,73,50,71,76,68
Government transfer - % of income,40,23,51,29,24,33
Other money - % of income,3,6,0,1,2,0
