Unnamed: 0_level_0,2016,2016,2016,2006,2006,2006
Unnamed: 0_level_1,Total,Male,Female,Total,Male,Female
Total All persons,1210.0,610.0,600.0,1160.0,595.0,560.0
Registered Indian,1155.0,580.0,575.0,1095.0,570.0,530.0
Not a registered Indian,55.0,30.0,25.0,65.0,25.0,35.0
Age characteristics,,,,,,
Total All persons,1210.0,610.0,600.0,1160.0,595.0,560.0
Age 0-19,405.0,240.0,165.0,390.0,225.0,165.0
Age 20-64,645.0,295.0,340.0,680.0,330.0,345.0
Age 65 and over,165.0,65.0,95.0,95.0,40.0,55.0
Median Age,35.8,30.8,39.5,33.2,28.9,36.1
