Income characteristics,2016,2016,2016,2006,2006,2006
Income characteristics,Total,Male,Female,Total,Male,Female
Persons 15 years of age and over with income,840,390,450,815,405,410
Avg. total income (all persons with income ($)),27668,27617,27711,18935,18239,19616
All persons with earnings (counts),530,275,260,570,290,280
Avg. earnings (all persons with earnings ($)),25421,26426,24352,18160,18103,18220
Composition of total income (100%),100,100,99,100,101,100
Earnings - % of income,58,66,50,67,71,63
Government transfer - % of income,34,26,40,28,22,33
Other money - % of income,9,8,10,5,6,4
