Languages characteristics,2016,2016,2016,2006,2006,2006
Languages characteristics,Total,Male,Female,Total,Male,Female
Language Knowledge,Not available,Not available,Not available,Not available,Not available,Not available
Indigenous language(s),Not available,Not available,Not available,Not available,Not available,Not available
English only **,Not available,Not available,Not available,Not available,Not available,Not available
French only **,Not available,Not available,Not available,Not available,Not available,Not available
English & French **,Not available,Not available,Not available,Not available,Not available,Not available
Other,Not available,Not available,Not available,Not available,Not available,Not available
Pop. with Indigenous languages first learned (%),Not available,Not available,Not available,Not available,Not available,Not available
Pop. with Indigenous spoken at home (%),Not available,Not available,Not available,Not available,Not available,Not available
Pop. with knowledge of Indigenous lang. (%),Not available,Not available,Not available,Not available,Not available,Not available
