Province: QUEBEC,Province: QUEBEC,Province: QUEBEC,Province: QUEBEC,Province: QUEBEC,Province: QUEBEC,Province: QUEBEC
Unnamed: 0_level_1,2016,2016,2016,2006,2006,2006
Unnamed: 0_level_2,Total,Male,Female,Total,Male,Female
Total All persons,7965455.0,3941440.0,4024015.0,7435900.0,3645980.0,3789925.0
Registered Indian,77495.0,38575.0,38915.0,55960.0,27130.0,28825.0
Not a registered Indian,7887960.0,3902865.0,3985100.0,7379940.0,3618850.0,3761100.0
Age characteristics,,,,,,
Total All persons,7965455.0,3941440.0,4024015.0,7435900.0,3645980.0,3789925.0
Age 0-19,1758905.0,901495.0,857410.0,1725515.0,881680.0,843840.0
Age 20-64,4868220.0,2418915.0,2449305.0,4709480.0,2330275.0,2379205.0
Age 65 and over,1338330.0,621035.0,717295.0,1000895.0,434020.0,566880.0
Median Age,41.7,40.9,42.5,40.6,39.6,41.5
