Unnamed: 0_level_0,2016,2016,2016,2006,2006,2006
Unnamed: 0_level_1,Total,Male,Female,Total,Male,Female
Total All persons,175.0,85.0,90.0,255.0,130.0,120.0
Registered Indian,165.0,80.0,85.0,255.0,130.0,120.0
Not a registered Indian,10.0,10.0,10.0,0.0,0.0,0.0
Age characteristics,,,,,,
Total All persons,175.0,85.0,90.0,255.0,130.0,120.0
Age 0-19,60.0,25.0,35.0,105.0,50.0,55.0
Age 20-64,110.0,55.0,55.0,140.0,75.0,65.0
Age 65 and over,0.0,0.0,0.0,10.0,10.0,10.0
Median Age,26.8,28.7,24.7,27.8,31.0,24.0
