Household and dwelling characteristics,2016,2006
Household type,,
Total - All private households,295.0,230.0
One family households,200.0,160.0
Couple family households,145.0,130.0
Female lone parent households,40.0,25.0
Male lone parent households,15.0,10.0
Multi-family households,25.0,25.0
Non-family households,75.0,45.0
Median household income ($),42432.0,34176.0
Selected Occupied Private Dwelling Characteristics,,
Total number of Dwellings,295.0,230.0
Dwellings constructed more than 10 years ago,180.0,145.0
Dwellings constructed within the past 10 years,110.0,80.0
Dwellings requiring minor repairs only,75.0,60.0
Dwellings requiring major repairs,130.0,115.0
