Income characteristics,2016,2016,2016,2006,2006,2006
Income characteristics,Total,Male,Female,Total,Male,Female
Persons 15 years of age and over with income,620,330,295,520,285,235
Avg. total income (all persons with income ($)),22602,19119,26551,17995,17377,18748
All persons with earnings (counts),430,230,200,375,205,170
Avg. earnings (all persons with earnings ($)),21931,20006,24161,19293,19108,19521
Composition of total income (100%),100,100,98,100,100,100
Earnings - % of income,68,73,63,76,79,75
Government transfer - % of income,30,24,36,21,18,25
Other money - % of income,2,3,2,1,2,0
