Unnamed: 0_level_0,2016,2016,2016,2006,2006,2006
Unnamed: 0_level_1,Total,Male,Female,Total,Male,Female
Total All persons,975.0,530.0,440.0,820.0,425.0,395.0
Registered Indian,925.0,500.0,420.0,815.0,425.0,395.0
Not a registered Indian,50.0,30.0,20.0,0.0,10.0,10.0
Age characteristics,,,,,,
Total All persons,975.0,530.0,440.0,820.0,425.0,395.0
Age 0-19,385.0,225.0,165.0,350.0,170.0,175.0
Age 20-64,530.0,280.0,245.0,445.0,235.0,205.0
Age 65 and over,55.0,25.0,30.0,30.0,20.0,10.0
Median Age,26.8,26.6,26.8,23.6,24.8,21.8
