Mobility characteristics,2016,2016,2016,2006,2006,2006
Mobility characteristics,Total,Male,Female,Total,Male,Female
Mobility Status - Place of residence 1 year ago,,,,,,
Total population 1 year and over,940.0,515.0,425.0,800.0,420.0,380.0
Non-movers: Lived at the same address 1 year ago,760.0,425.0,335.0,755.0,395.0,360.0
Movers:,,,,,,
Lived within the same prov./terr. 1 year ago but changed address within the same census division,160.0,75.0,80.0,35.0,20.0,15.0
Lived within the same prov./terr. 1 year ago but changed address from another census division.,20.0,10.0,0.0,10.0,0.0,0.0
Lived in a different prov./terr./country 1 year ago,0.0,0.0,0.0,0.0,0.0,0.0
Mobility Status - Place of residence 5 years ago,,,,,,
Total population 5 year and over,845.0,465.0,380.0,730.0,380.0,350.0
Non-movers: Lived at the same address 5 years ago,485.0,275.0,205.0,520.0,270.0,245.0
Movers:,,,,,,
Lived within the same prov./terr. 5 years ago but changed address within the same census division,310.0,160.0,150.0,185.0,95.0,90.0
Lived within the same prov./terr. 5 years ago but changed address from another census division.,40.0,20.0,15.0,20.0,10.0,10.0
Lived in a different prov./terr./country 5 years ago,15.0,10.0,0.0,10.0,0.0,0.0
