PRINCE EDWARD ISLAND,2016,2016,2016,2006,2006,2006
PRINCE EDWARD ISLAND,Total,Male,Female,Total,Male,Female
Mobility Status - Place of residence 1 year ago,,,,,,
Total population 1 year and over,138370.0,67210.0,71160.0,133100.0,64395.0,68705.0
Non-movers: Lived at the same address 1 year ago,120645.0,58620.0,62025.0,116595.0,56570.0,60025.0
Movers:,,,,,,
Lived within the same prov./terr. 1 year ago but changed address within the same census division,11990.0,5750.0,6240.0,12275.0,5860.0,6415.0
Lived within the same prov./terr. 1 year ago but changed address from another census division.,1110.0,495.0,615.0,975.0,405.0,575.0
Lived in a different prov./terr./country 1 year ago,4625.0,2345.0,2280.0,3250.0,1560.0,1690.0
Mobility Status - Place of residence 5 years ago,,,,,,
Total population 5 year and over,132695.0,64180.0,68515.0,127575.0,61710.0,65865.0
Non-movers: Lived at the same address 5 years ago,87825.0,42635.0,45195.0,86340.0,42310.0,44025.0
Movers:,,,,,,
Lived within the same prov./terr. 5 years ago but changed address within the same census division,29130.0,13730.0,15415.0,29025.0,13660.0,15360.0
Lived within the same prov./terr. 5 years ago but changed address from another census division.,3315.0,1615.0,1700.0,2475.0,1075.0,1400.0
Lived in a different prov./terr./country 5 years ago,12420.0,6205.0,6220.0,9735.0,4655.0,5080.0
