Unnamed: 0_level_0,2016,2016,2016,2006,2006,2006
Unnamed: 0_level_1,Total,Male,Female,Total,Male,Female
Total All persons,2060.0,1045.0,1020.0,1845.0,930.0,915.0
Registered Indian,2030.0,1025.0,1005.0,1820.0,920.0,905.0
Not a registered Indian,30.0,20.0,10.0,20.0,10.0,10.0
Age characteristics,,,,,,
Total All persons,2060.0,1045.0,1020.0,1845.0,930.0,915.0
Age 0-19,960.0,500.0,460.0,990.0,500.0,485.0
Age 20-64,1025.0,510.0,520.0,800.0,400.0,400.0
Age 65 and over,75.0,35.0,40.0,55.0,30.0,20.0
Median Age,22.1,20.8,22.8,18.0,17.9,18.2
