Mobility characteristics,2016,2016,2016,2006,2006,2006
Mobility characteristics,Total,Male,Female,Total,Male,Female
Mobility Status - Place of residence 1 year ago,,,,,,
Total population 1 year and over,2025.0,1025.0,1000.0,1780.0,905.0,880.0
Non-movers: Lived at the same address 1 year ago,1885.0,950.0,940.0,1690.0,860.0,835.0
Movers:,,,,,,
Lived within the same prov./terr. 1 year ago but changed address within the same census division,100.0,60.0,40.0,70.0,30.0,40.0
Lived within the same prov./terr. 1 year ago but changed address from another census division.,35.0,15.0,20.0,15.0,10.0,10.0
Lived in a different prov./terr./country 1 year ago,0.0,0.0,0.0,0.0,0.0,0.0
Mobility Status - Place of residence 5 years ago,,,,,,
Total population 5 year and over,1860.0,940.0,920.0,1550.0,780.0,765.0
Non-movers: Lived at the same address 5 years ago,1470.0,745.0,720.0,1215.0,615.0,605.0
Movers:,,,,,,
Lived within the same prov./terr. 5 years ago but changed address within the same census division,320.0,160.0,165.0,290.0,145.0,140.0
Lived within the same prov./terr. 5 years ago but changed address from another census division.,65.0,30.0,40.0,40.0,20.0,20.0
Lived in a different prov./terr./country 5 years ago,0.0,0.0,0.0,0.0,10.0,0.0
