Education characteristics,2016,2016,2016,2006,2006,2006
Education characteristics,Total,Male,Female,Total,Male,Female
Highest Degree or Certificate,,,,,,
Population 15 years and over,915.0,390.0,520.0,1110.0,520.0,585.0
"No degree, certificate or diploma",250.0,110.0,140.0,425.0,230.0,200.0
High school diploma or equivalent only,205.0,95.0,115.0,255.0,100.0,155.0
Trades/apprenticeship or other non-university certificate,275.0,130.0,140.0,355.0,180.0,170.0
University certificate below bachelor level,90.0,35.0,50.0,25.0,10.0,20.0
University degree (bachelor level or higher),95.0,20.0,75.0,45.0,10.0,35.0
