Unnamed: 0_level_0,2016,2016,2016,2006,2006,2006
Unnamed: 0_level_1,Total,Male,Female,Total,Male,Female
Total All persons,1225.0,550.0,680.0,1475.0,725.0,755.0
Registered Indian,1175.0,535.0,640.0,1395.0,695.0,700.0
Not a registered Indian,55.0,15.0,40.0,75.0,30.0,55.0
Age characteristics,,,,,,
Total All persons,1225.0,550.0,680.0,1475.0,725.0,755.0
Age 0-19,405.0,195.0,210.0,520.0,280.0,240.0
Age 20-64,680.0,290.0,390.0,815.0,385.0,435.0
Age 65 and over,145.0,65.0,80.0,135.0,55.0,80.0
Median Age,35.5,33.2,37.6,32.5,28.9,34.8
