Education characteristics,2016,2016,2016,2006,2006,2006
Education characteristics,Total,Male,Female,Total,Male,Female
Highest Degree or Certificate,,,,,,
Population 15 years and over,260.0,135.0,125.0,255.0,125.0,130.0
"No degree, certificate or diploma",175.0,100.0,75.0,175.0,80.0,95.0
High school diploma or equivalent only,45.0,15.0,25.0,25.0,15.0,10.0
Trades/apprenticeship or other non-university certificate,35.0,15.0,20.0,45.0,25.0,15.0
University certificate below bachelor level,10.0,0.0,0.0,10.0,0.0,0.0
University degree (bachelor level or higher),0.0,0.0,0.0,10.0,0.0,10.0
