Unnamed: 0_level_0,2016,2016,2016,2006,2006,2006
Unnamed: 0_level_1,Total,Male,Female,Total,Male,Female
Total All persons,385.0,205.0,180.0,415.0,200.0,215.0
Registered Indian,380.0,200.0,175.0,405.0,195.0,210.0
Not a registered Indian,10.0,10.0,0.0,15.0,10.0,10.0
Age characteristics,,,,,,
Total All persons,385.0,205.0,180.0,415.0,200.0,215.0
Age 0-19,165.0,90.0,75.0,200.0,95.0,105.0
Age 20-64,195.0,100.0,100.0,195.0,100.0,95.0
Age 65 and over,20.0,15.0,10.0,15.0,0.0,10.0
Median Age,24.5,23.7,24.7,20.5,20.8,20.1
