Unnamed: 0_level_0,2016,2016,2016,2006,2006,2006
Unnamed: 0_level_1,Total,Male,Female,Total,Male,Female
Total All persons,880.0,465.0,425.0,760.0,395.0,370.0
Registered Indian,820.0,420.0,390.0,710.0,365.0,345.0
Not a registered Indian,65.0,35.0,30.0,45.0,25.0,25.0
Age characteristics,,,,,,
Total All persons,880.0,465.0,425.0,760.0,395.0,370.0
Age 0-19,260.0,150.0,110.0,250.0,130.0,120.0
Age 20-64,535.0,265.0,270.0,455.0,245.0,215.0
Age 65 and over,90.0,50.0,45.0,50.0,20.0,35.0
Median Age,36.6,33.6,38.2,32.6,33.1,32.3
