Education characteristics,2016,2016,2016,2006,2006,2006
Education characteristics,Total,Male,Female,Total,Male,Female
Highest Degree or Certificate,,,,,,
Population 15 years and over,695.0,360.0,335.0,585.0,300.0,285.0
"No degree, certificate or diploma",185.0,120.0,70.0,235.0,125.0,110.0
High school diploma or equivalent only,140.0,75.0,65.0,110.0,45.0,60.0
Trades/apprenticeship or other non-university certificate,265.0,140.0,130.0,200.0,110.0,90.0
University certificate below bachelor level,20.0,0.0,20.0,10.0,0.0,10.0
University degree (bachelor level or higher),75.0,20.0,60.0,30.0,10.0,20.0
