Languages characteristics,2016,2016,2016,2006,2006,2006
Languages characteristics,Total,Male,Female,Total,Male,Female
Language Knowledge,215.0,95.0,115.0,165.0,80.0,90.0
Indigenous language(s),0.0,0.0,0.0,10.0,0.0,0.0
English only **,15.0,0.0,10.0,15.0,0.0,10.0
French only **,40.0,15.0,20.0,30.0,15.0,15.0
English & French **,165.0,80.0,85.0,120.0,55.0,65.0
Other,0.0,0.0,0.0,0.0,0.0,0.0
Pop. with Indigenous languages first learned (%),0.0,0.0,0.0,0.0,0.0,0.0
Pop. with Indigenous spoken at home (%),0.0,0.0,0.0,0.0,0.0,0.0
Pop. with knowledge of Indigenous lang. (%),0.0,0.0,0.0,6.1,0.0,0.0
