Mobility characteristics,2016,2016,2016,2006,2006,2006
Mobility characteristics,Total,Male,Female,Total,Male,Female
Mobility Status - Place of residence 1 year ago,,,,,,
Total population 1 year and over,210.0,95.0,115.0,165.0,75.0,85.0
Non-movers: Lived at the same address 1 year ago,200.0,95.0,105.0,150.0,70.0,80.0
Movers:,,,,,,
Lived within the same prov./terr. 1 year ago but changed address within the same census division,0.0,0.0,0.0,15.0,10.0,10.0
Lived within the same prov./terr. 1 year ago but changed address from another census division.,0.0,0.0,0.0,0.0,0.0,0.0
Lived in a different prov./terr./country 1 year ago,0.0,0.0,0.0,0.0,0.0,0.0
Mobility Status - Place of residence 5 years ago,,,,,,
Total population 5 year and over,200.0,90.0,105.0,150.0,75.0,80.0
Non-movers: Lived at the same address 5 years ago,160.0,75.0,80.0,105.0,50.0,55.0
Movers:,,,,,,
Lived within the same prov./terr. 5 years ago but changed address within the same census division,15.0,10.0,10.0,30.0,15.0,15.0
Lived within the same prov./terr. 5 years ago but changed address from another census division.,20.0,10.0,15.0,10.0,0.0,10.0
Lived in a different prov./terr./country 5 years ago,0.0,0.0,10.0,10.0,0.0,0.0
