Education characteristics,2016,2016,2016,2006,2006,2006
Education characteristics,Total,Male,Female,Total,Male,Female
Highest Degree or Certificate,,,,,,
Population 15 years and over,70.0,35.0,40.0,55.0,30.0,30.0
"No degree, certificate or diploma",25.0,10.0,10.0,15.0,10.0,0.0
High school diploma or equivalent only,10.0,0.0,10.0,20.0,10.0,15.0
Trades/apprenticeship or other non-university certificate,35.0,15.0,15.0,15.0,10.0,10.0
University certificate below bachelor level,10.0,0.0,0.0,0.0,0.0,0.0
University degree (bachelor level or higher),0.0,0.0,0.0,0.0,0.0,0.0
