Languages characteristics,2016,2016,2016,2006,2006,2006
Languages characteristics,Total,Male,Female,Total,Male,Female
Language Knowledge,60.0,30.0,30.0,75.0,40.0,35.0
Indigenous language(s),0.0,0.0,0.0,10.0,0.0,0.0
English only **,45.0,25.0,25.0,55.0,30.0,25.0
French only **,0.0,0.0,0.0,0.0,0.0,0.0
English & French **,15.0,10.0,0.0,15.0,0.0,10.0
Other,0.0,0.0,0.0,0.0,0.0,0.0
Pop. with Indigenous languages first learned (%),0.0,33.3,0.0,0.0,0.0,0.0
Pop. with Indigenous spoken at home (%),0.0,33.3,0.0,0.0,0.0,28.6
Pop. with knowledge of Indigenous lang. (%),0.0,0.0,0.0,13.3,0.0,0.0
