Mobility characteristics,2016,2016,2016,2006,2006,2006
Mobility characteristics,Total,Male,Female,Total,Male,Female
Mobility Status - Place of residence 1 year ago,,,,,,
Total population 1 year and over,1010.0,490.0,520.0,710.0,350.0,360.0
Non-movers: Lived at the same address 1 year ago,890.0,425.0,465.0,595.0,295.0,300.0
Movers:,,,,,,
Lived within the same prov./terr. 1 year ago but changed address within the same census division,105.0,55.0,55.0,100.0,45.0,55.0
Lived within the same prov./terr. 1 year ago but changed address from another census division.,10.0,10.0,0.0,10.0,0.0,10.0
Lived in a different prov./terr./country 1 year ago,0.0,10.0,10.0,10.0,0.0,0.0
Mobility Status - Place of residence 5 years ago,,,,,,
Total population 5 year and over,915.0,445.0,475.0,650.0,315.0,330.0
Non-movers: Lived at the same address 5 years ago,650.0,310.0,345.0,415.0,205.0,205.0
Movers:,,,,,,
Lived within the same prov./terr. 5 years ago but changed address within the same census division,240.0,120.0,120.0,185.0,80.0,105.0
Lived within the same prov./terr. 5 years ago but changed address from another census division.,25.0,10.0,10.0,20.0,15.0,10.0
Lived in a different prov./terr./country 5 years ago,10.0,10.0,10.0,25.0,15.0,10.0
