Income characteristics,2016,2016,2016,2006,2006,2006
Income characteristics,Total,Male,Female,Total,Male,Female
Persons 15 years of age and over with income,730,380,350,635,340,290
Avg. total income (all persons with income ($)),33708,35846,31375,16824,15308,18589
All persons with earnings (counts),640,335,305,545,290,255
Avg. earnings (all persons with earnings ($)),24331,27071,21314,15583,14450,16867
Composition of total income (100%),99,100,100,100,102,100
Earnings - % of income,64,68,59,80,79,78
Government transfer - % of income,34,31,37,20,20,20
Other money - % of income,2,2,3,1,1,1
