NEWFOUNDLAND AND LABRADOR,2016,2016,2016,2006,2006,2006
NEWFOUNDLAND AND LABRADOR,Total,Male,Female,Total,Male,Female
Persons 15 years of age and over with income,422695,206065,216630,397675,193980,203695
Avg. total income (all persons with income ($)),45210,56724,34259,27636,34067,21513
All persons with earnings (counts),299150,154690,144460,271250,141730,129525
Avg. earnings (all persons with earnings ($)),46153,57421,34087,28003,33687,21782
Composition of total income (100%),100,100,100,100,100,100
Earnings - % of income,72,76,66,69,72,64
Government transfer - % of income,17,13,22,20,17,25
Other money - % of income,11,11,12,11,11,10
