NEWFOUNDLAND AND LABRADOR,2016,2016,2016,2006,2006,2006
NEWFOUNDLAND AND LABRADOR,Total,Male,Female,Total,Male,Female
Labour Force Indicators,,,,,,
Participation rate,58.7,62.6,55.0,58.9,63.5,54.6
Employment rate,49.5,50.9,48.1,47.9,50.4,45.7
Unemployment rate,15.6,18.6,12.5,18.6,20.7,16.3
Industry,,,,,,
Population 15 years and over,437935.0,212785.0,225150.0,422385,203925,218465
"Agriculture, resource based",21360.0,17020.0,4340.0,25500,20335,5165
"Manufacturing, construction",50010.0,40635.0,9380.0,44775,33905,10880
"Wholesale, retail",42345.0,19815.0,22525.0,42155,18925,23225
"Finance, real estate",8510.0,3415.0,5090.0,8530,3465,5060
"Health, education",60685.0,13495.0,47190.0,52500,13070,39435
Business services,20875.0,11655.0,9225.0,21290,11670,9630
"Transportation, warehousing",13845.0,10325.0,3525.0,13235,10195,3040
Other services,68390.0,31700.0,36705.0,66625,30940,35675
Occupation,,,,,,
Population 15 years and over,437935.0,212785.0,225150.0,422385,203925,218465
Management,57965.0,21845.0,36115.0,Not available,Not available,Not available
"Natural sciences, health",38540.0,17905.0,20640.0,Not available,Not available,Not available
"Social sciences, gov't",36520.0,9980.0,26545.0,Not available,Not available,Not available
Sales and service,65940.0,25160.0,40780.0,Not available,Not available,Not available
Trades and related,54035.0,50870.0,3165.0,Not available,Not available,Not available
Primary industry,14660.0,12005.0,2655.0,Not available,Not available,Not available
Other Occupations,18375.0,10305.0,8080.0,Not available,Not available,Not available
