Province: NEWFOUNDLAND AND LABRADOR,Province: NEWFOUNDLAND AND LABRADOR,Province: NEWFOUNDLAND AND LABRADOR,Province: NEWFOUNDLAND AND LABRADOR,Province: NEWFOUNDLAND AND LABRADOR,Province: NEWFOUNDLAND AND LABRADOR,Province: NEWFOUNDLAND AND LABRADOR
Unnamed: 0_level_1,2016,2016,2016,2006,2006,2006
Unnamed: 0_level_2,Total,Male,Female,Total,Male,Female
Total All persons,512255.0,250915.0,261335.0,500610.0,243965.0,256640.0
Registered Indian,21155.0,10170.0,10990.0,6610.0,3180.0,3425.0
Not a registered Indian,491100.0,240745.0,250345.0,494000.0,240785.0,253215.0
Age characteristics,,,,,,
Total All persons,512255.0,250915.0,261335.0,500610.0,243965.0,256640.0
Age 0-19,101235.0,52080.0,49150.0,112345.0,58115.0,54235.0
Age 20-64,315700.0,153540.0,162160.0,322065.0,155515.0,166545.0
Age 65 and over,95315.0,45285.0,50030.0,66190.0,30335.0,35855.0
Median Age,45.6,45.0,46.2,41.5,41.0,41.9
