Unnamed: 0_level_0,2016,2016,2016,2006,2006,2006
Unnamed: 0_level_1,Total,Male,Female,Total,Male,Female
Total All persons,665.0,350.0,315.0,500.0,240.0,265.0
Registered Indian,655.0,345.0,310.0,495.0,235.0,260.0
Not a registered Indian,10.0,0.0,10.0,0.0,10.0,10.0
Age characteristics,,,,,,
Total All persons,665.0,350.0,315.0,500.0,240.0,265.0
Age 0-19,330.0,180.0,150.0,245.0,110.0,135.0
Age 20-64,310.0,165.0,145.0,230.0,120.0,115.0
Age 65 and over,25.0,10.0,20.0,20.0,10.0,15.0
Median Age,20.1,19.3,21.1,20.5,20.8,19.4
