Languages characteristics,2016,2016,2016,2006,2006,2006
Languages characteristics,Total,Male,Female,Total,Male,Female
Language Knowledge,140.0,80.0,60.0,75.0,45.0,35.0
Indigenous language(s),10.0,10.0,0.0,0.0,0.0,0.0
English only **,130.0,75.0,60.0,65.0,40.0,30.0
French only **,0.0,0.0,0.0,0.0,0.0,0.0
English & French **,10.0,10.0,0.0,0.0,10.0,0.0
Other,0.0,10.0,10.0,0.0,0.0,0.0
Pop. with Indigenous languages first learned (%),7.1,12.5,0.0,13.3,0.0,0.0
Pop. with Indigenous spoken at home (%),0.0,0.0,0.0,0.0,0.0,0.0
Pop. with knowledge of Indigenous lang. (%),7.1,12.5,0.0,0.0,0.0,0.0
