Unnamed: 0_level_0,2016,2016,2016,2006,2006,2006
Unnamed: 0_level_1,Total,Male,Female,Total,Male,Female
Total All persons,740.0,385.0,360.0,Not available,Not available,Not available
Registered Indian,685.0,355.0,330.0,Not available,Not available,Not available
Not a registered Indian,55.0,30.0,30.0,Not available,Not available,Not available
Age characteristics,,,,,,
Total All persons,740.0,385.0,360.0,Not available,Not available,Not available
Age 0-19,250.0,140.0,110.0,Not available,Not available,Not available
Age 20-64,440.0,220.0,215.0,Not available,Not available,Not available
Age 65 and over,55.0,20.0,35.0,Not available,Not available,Not available
Median Age,31.1,25.9,32.9,Not available,Not available,Not available
