Unnamed: 0_level_0,2016,2016,2016,2006,2006,2006
Unnamed: 0_level_1,Total,Male,Female,Total,Male,Female
Total All persons,410.0,205.0,210.0,410.0,210.0,205.0
Registered Indian,365.0,180.0,185.0,365.0,190.0,175.0
Not a registered Indian,45.0,20.0,25.0,50.0,25.0,30.0
Age characteristics,,,,,,
Total All persons,410.0,205.0,210.0,410.0,210.0,205.0
Age 0-19,120.0,65.0,50.0,145.0,80.0,65.0
Age 20-64,265.0,125.0,140.0,250.0,120.0,125.0
Age 65 and over,30.0,15.0,15.0,20.0,10.0,10.0
Median Age,38.4,35.6,40.0,32.7,31.0,34.6
