Mobility characteristics,2016,2016,2016,2006,2006,2006
Mobility characteristics,Total,Male,Female,Total,Male,Female
Mobility Status - Place of residence 1 year ago,,,,,,
Total population 1 year and over,725.0,370.0,350.0,Not available,Not available,Not available
Non-movers: Lived at the same address 1 year ago,670.0,345.0,325.0,Not available,Not available,Not available
Movers:,,,,,,
Lived within the same prov./terr. 1 year ago but changed address within the same census division,20.0,10.0,10.0,Not available,Not available,Not available
Lived within the same prov./terr. 1 year ago but changed address from another census division.,30.0,15.0,20.0,Not available,Not available,Not available
Lived in a different prov./terr./country 1 year ago,0.0,0.0,0.0,Not available,Not available,Not available
Mobility Status - Place of residence 5 years ago,,,,,,
Total population 5 year and over,670.0,345.0,320.0,Not available,Not available,Not available
Non-movers: Lived at the same address 5 years ago,470.0,255.0,215.0,Not available,Not available,Not available
Movers:,,,,,,
Lived within the same prov./terr. 5 years ago but changed address within the same census division,80.0,40.0,35.0,Not available,Not available,Not available
Lived within the same prov./terr. 5 years ago but changed address from another census division.,105.0,45.0,60.0,Not available,Not available,Not available
Lived in a different prov./terr./country 5 years ago,15.0,10.0,10.0,Not available,Not available,Not available
