Mobility characteristics,2016,2016,2016,2006,2006,2006
Mobility characteristics,Total,Male,Female,Total,Male,Female
Mobility Status - Place of residence 1 year ago,,,,,,
Total population 1 year and over,405.0,200.0,210.0,410.0,205.0,205.0
Non-movers: Lived at the same address 1 year ago,385.0,190.0,195.0,365.0,180.0,180.0
Movers:,,,,,,
Lived within the same prov./terr. 1 year ago but changed address within the same census division,10.0,0.0,10.0,30.0,20.0,15.0
Lived within the same prov./terr. 1 year ago but changed address from another census division.,10.0,10.0,0.0,10.0,0.0,10.0
Lived in a different prov./terr./country 1 year ago,10.0,0.0,0.0,0.0,0.0,10.0
Mobility Status - Place of residence 5 years ago,,,,,,
Total population 5 year and over,380.0,190.0,190.0,385.0,200.0,190.0
Non-movers: Lived at the same address 5 years ago,275.0,140.0,130.0,220.0,105.0,115.0
Movers:,,,,,,
Lived within the same prov./terr. 5 years ago but changed address within the same census division,70.0,30.0,40.0,110.0,65.0,45.0
Lived within the same prov./terr. 5 years ago but changed address from another census division.,30.0,20.0,15.0,50.0,25.0,25.0
Lived in a different prov./terr./country 5 years ago,10.0,0.0,10.0,0.0,0.0,0.0
