ONTARIO,2016,2016,2016,2006,2006,2006
ONTARIO,Total,Male,Female,Total,Male,Female
Population 15 years and over,11038440,5342755,5695685,9819425,4744710,5074715
"No degree, certificate or diploma",1935360,961690,973670,2183630,1059015,1124620
High school diploma or equivalent only,3026100,1485320,1540775,2628570,1220380,1408190
Trades/apprenticeship or other non-university certificate,2962890,1452835,1510055,2589895,1297180,1292710
University certificate below bachelor level,242005,107065,134940,405270,181355,223915
University degree (bachelor level or higher),2872090,1335840,1536245,2012055,986780,1025275
