Languages characteristics,2016,2016,2016,2006,2006,2006
Languages characteristics,Total,Male,Female,Total,Male,Female
Language Knowledge,740.0,385.0,360.0,Not available,Not available,Not available
Indigenous language(s),40.0,20.0,20.0,Not available,Not available,Not available
English only **,730.0,380.0,350.0,Not available,Not available,Not available
French only **,0.0,0.0,0.0,Not available,Not available,Not available
English & French **,10.0,10.0,10.0,Not available,Not available,Not available
Other,10.0,10.0,0.0,Not available,Not available,Not available
Pop. with Indigenous languages first learned (%),2.0,0.0,2.8,Not available,Not available,Not available
Pop. with Indigenous spoken at home (%),3.4,2.6,4.2,Not available,Not available,Not available
Pop. with knowledge of Indigenous lang. (%),5.4,5.2,5.6,Not available,Not available,Not available
