Mobility characteristics,2016,2016,2016,2006,2006,2006
Mobility characteristics,Total,Male,Female,Total,Male,Female
Mobility Status - Place of residence 1 year ago,,,,,,
Total population 1 year and over,Not available,Not available,Not available,Not available,Not available,Not available
Non-movers: Lived at the same address 1 year ago,Not available,Not available,Not available,Not available,Not available,Not available
Movers:,,,,,,
Lived within the same prov./terr. 1 year ago but changed address within the same census division,Not available,Not available,Not available,Not available,Not available,Not available
Lived within the same prov./terr. 1 year ago but changed address from another census division.,Not available,Not available,Not available,Not available,Not available,Not available
Lived in a different prov./terr./country 1 year ago,Not available,Not available,Not available,Not available,Not available,Not available
Mobility Status - Place of residence 5 years ago,,,,,,
Total population 5 year and over,Not available,Not available,Not available,Not available,Not available,Not available
Non-movers: Lived at the same address 5 years ago,Not available,Not available,Not available,Not available,Not available,Not available
Movers:,,,,,,
Lived within the same prov./terr. 5 years ago but changed address within the same census division,Not available,Not available,Not available,Not available,Not available,Not available
Lived within the same prov./terr. 5 years ago but changed address from another census division.,Not available,Not available,Not available,Not available,Not available,Not available
Lived in a different prov./terr./country 5 years ago,Not available,Not available,Not available,Not available,Not available,Not available
