Education characteristics,2016,2016,2016,2006,2006,2006
Education characteristics,Total,Male,Female,Total,Male,Female
Highest Degree or Certificate,,,,,,
Population 15 years and over,1860.0,835.0,1015.0,Not available,Not available,Not available
"No degree, certificate or diploma",425.0,235.0,185.0,Not available,Not available,Not available
High school diploma or equivalent only,540.0,220.0,315.0,Not available,Not available,Not available
Trades/apprenticeship or other non-university certificate,720.0,325.0,395.0,Not available,Not available,Not available
University certificate below bachelor level,60.0,25.0,40.0,Not available,Not available,Not available
University degree (bachelor level or higher),115.0,30.0,85.0,Not available,Not available,Not available
