Household and dwelling characteristics,2016,2006
Household type,,
Total - All private households,955.0,Not available
One family households,695.0,Not available
Couple family households,565.0,Not available
Female lone parent households,105.0,Not available
Male lone parent households,30.0,Not available
Multi-family households,30.0,Not available
Non-family households,235.0,Not available
Median household income ($),43392.0,Not available
Selected Occupied Private Dwelling Characteristics,,
Total number of Dwellings,955.0,Not available
Dwellings constructed more than 10 years ago,775.0,Not available
Dwellings constructed within the past 10 years,180.0,Not available
Dwellings requiring minor repairs only,245.0,Not available
Dwellings requiring major repairs,175.0,Not available
