Workforce Characteristics,2016,2016,2016,2006,2006,2006
Workforce Characteristics,Total,Male,Female,Total,Male,Female
Labour Force Indicators,,,,,,
Participation rate,53.6,54.5,52.9,Not available,Not available,Not available
Employment rate,48.9,48.5,49.0,Not available,Not available,Not available
Unemployment rate,8.7,11.1,6.4,Not available,Not available,Not available
Industry,,,,,,
Population 15 years and over,2035.0,995.0,1040.0,Not available,Not available,Not available
"Agriculture, resource based",10.0,10.0,0.0,Not available,Not available,Not available
"Manufacturing, construction",235.0,195.0,35.0,Not available,Not available,Not available
"Wholesale, retail",210.0,105.0,110.0,Not available,Not available,Not available
"Finance, real estate",20.0,0.0,20.0,Not available,Not available,Not available
"Health, education",255.0,45.0,210.0,Not available,Not available,Not available
Business services,80.0,40.0,40.0,Not available,Not available,Not available
"Transportation, warehousing",50.0,40.0,15.0,Not available,Not available,Not available
Other services,270.0,125.0,150.0,Not available,Not available,Not available
Occupation,,,,,,
Population 15 years and over,2035.0,995.0,1040.0,Not available,Not available,Not available
Management,240.0,75.0,165.0,Not available,Not available,Not available
"Natural sciences, health",95.0,25.0,60.0,Not available,Not available,Not available
"Social sciences, gov't",155.0,40.0,115.0,Not available,Not available,Not available
Sales and service,265.0,100.0,170.0,Not available,Not available,Not available
Trades and related,265.0,240.0,20.0,Not available,Not available,Not available
Primary industry,20.0,15.0,0.0,Not available,Not available,Not available
Other Occupations,90.0,50.0,40.0,Not available,Not available,Not available
