Languages characteristics,2016,2016,2016,2006,2006,2006
Languages characteristics,Total,Male,Female,Total,Male,Female
Language Knowledge,2525.0,1235.0,1285.0,Not available,Not available,Not available
Indigenous language(s),250.0,110.0,140.0,Not available,Not available,Not available
English only **,2500.0,1230.0,1270.0,Not available,Not available,Not available
French only **,0.0,0.0,0.0,Not available,Not available,Not available
English & French **,25.0,10.0,20.0,Not available,Not available,Not available
Other,35.0,25.0,15.0,Not available,Not available,Not available
Pop. with Indigenous languages first learned (%),1.6,2.0,1.6,Not available,Not available,Not available
Pop. with Indigenous spoken at home (%),6.3,5.7,7.0,Not available,Not available,Not available
Pop. with knowledge of Indigenous lang. (%),9.9,8.9,10.9,Not available,Not available,Not available
