Marital Status,2016,2016,2016,2006,2006,2006
Marital Status,Total,Male,Female,Total,Male,Female
Total Population 15 years and over,Not available,Not available,Not available,Not available,Not available,Not available
Married (incl common-law),Not available,Not available,Not available,Not available,Not available,Not available
Separated,Not available,Not available,Not available,Not available,Not available,Not available
Divorced,Not available,Not available,Not available,Not available,Not available,Not available
Widowed,Not available,Not available,Not available,Not available,Not available,Not available
Never married,Not available,Not available,Not available,Not available,Not available,Not available
