Languages characteristics,2016,2016,2016,2006,2006,2006
Languages characteristics,Total,Male,Female,Total,Male,Female
Language Knowledge,235.0,125.0,105.0,290.0,135.0,155.0
Indigenous language(s),215.0,115.0,100.0,275.0,130.0,150.0
English only **,15.0,15.0,0.0,25.0,15.0,10.0
French only **,125.0,60.0,60.0,110.0,45.0,70.0
English & French **,85.0,55.0,35.0,110.0,55.0,55.0
Other,0.0,10.0,0.0,0.0,0.0,10.0
Pop. with Indigenous languages first learned (%),91.5,92.0,95.2,96.6,96.3,93.5
Pop. with Indigenous spoken at home (%),91.5,92.0,100.0,96.6,96.3,93.5
Pop. with knowledge of Indigenous lang. (%),91.5,92.0,95.2,94.8,96.3,96.8
