Unnamed: 0_level_0,2016,2016,2016,2006,2006,2006
Unnamed: 0_level_1,Total,Male,Female,Total,Male,Female
Total All persons,235.0,125.0,105.0,290.0,135.0,150.0
Registered Indian,220.0,115.0,105.0,280.0,135.0,150.0
Not a registered Indian,20.0,10.0,10.0,10.0,10.0,10.0
Age characteristics,,,,,,
Total All persons,235.0,125.0,105.0,290.0,135.0,150.0
Age 0-19,90.0,50.0,40.0,145.0,60.0,80.0
Age 20-64,125.0,70.0,55.0,140.0,70.0,65.0
Age 65 and over,15.0,10.0,10.0,15.0,0.0,10.0
Median Age,26.2,26.2,26.9,20.7,23.5,19.8
