Mobility characteristics,2016,2016,2016,2006,2006,2006
Mobility characteristics,Total,Male,Female,Total,Male,Female
Mobility Status - Place of residence 1 year ago,,,,,,
Total population 1 year and over,1530.0,775.0,750.0,Not available,Not available,Not available
Non-movers: Lived at the same address 1 year ago,1360.0,690.0,670.0,Not available,Not available,Not available
Movers:,,,,,,
Lived within the same prov./terr. 1 year ago but changed address within the same census division,105.0,55.0,50.0,Not available,Not available,Not available
Lived within the same prov./terr. 1 year ago but changed address from another census division.,60.0,35.0,25.0,Not available,Not available,Not available
Lived in a different prov./terr./country 1 year ago,10.0,0.0,0.0,Not available,Not available,Not available
Mobility Status - Place of residence 5 years ago,,,,,,
Total population 5 year and over,1395.0,705.0,690.0,Not available,Not available,Not available
Non-movers: Lived at the same address 5 years ago,960.0,495.0,470.0,Not available,Not available,Not available
Movers:,,,,,,
Lived within the same prov./terr. 5 years ago but changed address within the same census division,330.0,160.0,165.0,Not available,Not available,Not available
Lived within the same prov./terr. 5 years ago but changed address from another census division.,85.0,35.0,50.0,Not available,Not available,Not available
Lived in a different prov./terr./country 5 years ago,20.0,10.0,10.0,Not available,Not available,Not available
