Education characteristics,2016,2016,2016,2006,2006,2006
Education characteristics,Total,Male,Female,Total,Male,Female
Highest Degree or Certificate,,,,,,
Population 15 years and over,110.0,60.0,55.0,115.0,60.0,60.0
"No degree, certificate or diploma",30.0,10.0,10.0,50.0,25.0,25.0
High school diploma or equivalent only,25.0,10.0,15.0,15.0,0.0,0.0
Trades/apprenticeship or other non-university certificate,30.0,20.0,15.0,45.0,25.0,20.0
University certificate below bachelor level,25.0,15.0,10.0,0.0,0.0,0.0
University degree (bachelor level or higher),10.0,10.0,0.0,10.0,0.0,0.0
