Mobility characteristics,2016,2016,2016,2006,2006,2006
Mobility characteristics,Total,Male,Female,Total,Male,Female
Mobility Status - Place of residence 1 year ago,,,,,,
Total population 1 year and over,150.0,75.0,75.0,165.0,85.0,80.0
Non-movers: Lived at the same address 1 year ago,140.0,70.0,70.0,150.0,75.0,75.0
Movers:,,,,,,
Lived within the same prov./terr. 1 year ago but changed address within the same census division,10.0,10.0,0.0,15.0,10.0,10.0
Lived within the same prov./terr. 1 year ago but changed address from another census division.,0.0,0.0,0.0,0.0,0.0,0.0
Lived in a different prov./terr./country 1 year ago,0.0,0.0,0.0,0.0,0.0,0.0
Mobility Status - Place of residence 5 years ago,,,,,,
Total population 5 year and over,140.0,75.0,70.0,155.0,80.0,75.0
Non-movers: Lived at the same address 5 years ago,105.0,55.0,50.0,125.0,60.0,65.0
Movers:,,,,,,
Lived within the same prov./terr. 5 years ago but changed address within the same census division,35.0,20.0,15.0,30.0,15.0,10.0
Lived within the same prov./terr. 5 years ago but changed address from another census division.,0.0,0.0,0.0,0.0,0.0,0.0
Lived in a different prov./terr./country 5 years ago,10.0,0.0,0.0,0.0,0.0,0.0
