Education characteristics,2016,2016,2016,2006,2006,2006
Education characteristics,Total,Male,Female,Total,Male,Female
Highest Degree or Certificate,,,,,,
Population 15 years and over,435.0,220.0,215.0,365.0,185.0,175.0
"No degree, certificate or diploma",180.0,85.0,90.0,230.0,120.0,115.0
High school diploma or equivalent only,80.0,30.0,50.0,65.0,25.0,40.0
Trades/apprenticeship or other non-university certificate,145.0,90.0,50.0,55.0,35.0,20.0
University certificate below bachelor level,25.0,15.0,10.0,0.0,0.0,0.0
University degree (bachelor level or higher),10.0,0.0,10.0,10.0,0.0,0.0
