Unnamed: 0_level_0,2016,2016,2016,2006,2006,2006
Unnamed: 0_level_1,Total,Male,Female,Total,Male,Female
Total All persons,605.0,310.0,295.0,570.0,280.0,290.0
Registered Indian,585.0,295.0,290.0,565.0,275.0,285.0
Not a registered Indian,15.0,15.0,0.0,0.0,0.0,0.0
Age characteristics,,,,,,
Total All persons,605.0,310.0,295.0,570.0,280.0,290.0
Age 0-19,230.0,125.0,105.0,275.0,135.0,145.0
Age 20-64,335.0,165.0,170.0,260.0,130.0,130.0
Age 65 and over,35.0,20.0,15.0,30.0,15.0,15.0
Median Age,26.3,25.3,27.1,20.9,21.3,20.2
