QUEBEC,2016,2016,2016,2006,2006,2006
QUEBEC,Total,Male,Female,Total,Male,Female
Mobility Status - Place of residence 1 year ago,,,,,,
Total population 1 year and over,7880315.0,3897740.0,3982575.0,7358260.0,3606500.0,3751760.0
Non-movers: Lived at the same address 1 year ago,6965520.0,3447325.0,3518195.0,6450410.0,3161110.0,3289300.0
Movers:,,,,,,
Lived within the same prov./terr. 1 year ago but changed address within the same census division,705780.0,346340.0,359440.0,690855.0,339250.0,351605.0
Lived within the same prov./terr. 1 year ago but changed address from another census division.,128625.0,62930.0,65695.0,148370.0,72095.0,76275.0
Lived in a different prov./terr./country 1 year ago,80395.0,41150.0,39245.0,68625.0,34045.0,34580.0
Mobility Status - Place of residence 5 years ago,,,,,,
Total population 5 year and over,7520960.0,3714155.0,3806805.0,7059870.0,3454425.0,3605445.0
Non-movers: Lived at the same address 5 years ago,4825870.0,2388810.0,2437065.0,4368525.0,2138945.0,2229580.0
Movers:,,,,,,
Lived within the same prov./terr. 5 years ago but changed address within the same census division,2000530.0,981545.0,1018995.0,1960270.0,955340.0,1004935.0
Lived within the same prov./terr. 5 years ago but changed address from another census division.,407540.0,199680.0,207865.0,470060.0,229205.0,240850.0
Lived in a different prov./terr./country 5 years ago,287020.0,144130.0,142885.0,261010.0,130935.0,130075.0
