QUEBEC,2016,2016,2016,2006,2006,2006
QUEBEC,Total,Male,Female,Total,Male,Female
Population 15 years and over,6634280,3260035,3374240,6184490,3007825,3176660
"No degree, certificate or diploma",1323065,674950,648115,1547870,750215,797655
High school diploma or equivalent only,1426980,674820,752155,1377590,625295,752295
Trades/apprenticeship or other non-university certificate,2286245,1188285,1097955,1938330,1009745,928595
University certificate below bachelor level,236260,93680,142575,301140,123705,177440
University degree (bachelor level or higher),1361735,628290,733440,1019555,498875,520675
