Unnamed: 0_level_0,2016,2016,2016,2006,2006,2006
Unnamed: 0_level_1,Total,Male,Female,Total,Male,Female
Total All persons,1370.0,680.0,690.0,1165.0,590.0,575.0
Registered Indian,1355.0,675.0,680.0,1160.0,585.0,575.0
Not a registered Indian,15.0,10.0,0.0,0.0,0.0,0.0
Age characteristics,,,,,,
Total All persons,1370.0,680.0,690.0,1165.0,590.0,575.0
Age 0-19,680.0,340.0,335.0,610.0,310.0,300.0
Age 20-64,655.0,315.0,345.0,535.0,270.0,265.0
Age 65 and over,35.0,20.0,15.0,20.0,10.0,15.0
Median Age,20.7,19.9,21.0,19.1,18.9,19.3
