Mobility characteristics,2016,2016,2016,2006,2006,2006
Mobility characteristics,Total,Male,Female,Total,Male,Female
Mobility Status - Place of residence 1 year ago,,,,,,
Total population 1 year and over,185.0,95.0,95.0,155.0,85.0,70.0
Non-movers: Lived at the same address 1 year ago,180.0,85.0,95.0,140.0,75.0,60.0
Movers:,,,,,,
Lived within the same prov./terr. 1 year ago but changed address within the same census division,10.0,0.0,10.0,10.0,0.0,0.0
Lived within the same prov./terr. 1 year ago but changed address from another census division.,0.0,0.0,0.0,0.0,0.0,0.0
Lived in a different prov./terr./country 1 year ago,0.0,0.0,0.0,0.0,0.0,0.0
Mobility Status - Place of residence 5 years ago,,,,,,
Total population 5 year and over,175.0,85.0,90.0,140.0,75.0,65.0
Non-movers: Lived at the same address 5 years ago,140.0,70.0,70.0,80.0,40.0,45.0
Movers:,,,,,,
Lived within the same prov./terr. 5 years ago but changed address within the same census division,30.0,15.0,15.0,25.0,15.0,10.0
Lived within the same prov./terr. 5 years ago but changed address from another census division.,0.0,0.0,0.0,0.0,0.0,0.0
Lived in a different prov./terr./country 5 years ago,0.0,10.0,10.0,30.0,20.0,10.0
