Mobility characteristics,2016,2016,2016,2006,2006,2006
Mobility characteristics,Total,Male,Female,Total,Male,Female
Mobility Status - Place of residence 1 year ago,,,,,,
Total population 1 year and over,445.0,215.0,230.0,465.0,225.0,235.0
Non-movers: Lived at the same address 1 year ago,400.0,195.0,205.0,415.0,200.0,220.0
Movers:,,,,,,
Lived within the same prov./terr. 1 year ago but changed address within the same census division,35.0,15.0,20.0,25.0,15.0,10.0
Lived within the same prov./terr. 1 year ago but changed address from another census division.,15.0,10.0,0.0,20.0,15.0,0.0
Lived in a different prov./terr./country 1 year ago,0.0,0.0,0.0,0.0,10.0,0.0
Mobility Status - Place of residence 5 years ago,,,,,,
Total population 5 year and over,430.0,210.0,220.0,445.0,220.0,230.0
Non-movers: Lived at the same address 5 years ago,330.0,165.0,165.0,335.0,160.0,180.0
Movers:,,,,,,
Lived within the same prov./terr. 5 years ago but changed address within the same census division,55.0,25.0,30.0,60.0,35.0,25.0
Lived within the same prov./terr. 5 years ago but changed address from another census division.,40.0,20.0,20.0,45.0,25.0,15.0
Lived in a different prov./terr./country 5 years ago,0.0,0.0,0.0,10.0,0.0,0.0
