Income characteristics,2016,2016,2016,2006,2006,2006
Income characteristics,Total,Male,Female,Total,Male,Female
Persons 15 years of age and over with income,375,190,190,355,175,180
Avg. total income (all persons with income ($)),27494,29016,25972,18669,19983,17385
All persons with earnings (counts),260,130,125,235,115,125
Avg. earnings (all persons with earnings ($)),26865,28863,24755,17060,20745,13674
Composition of total income (100%),100,100,100,100,100,97
Earnings - % of income,66,71,64,61,68,52
Government transfer - % of income,24,20,29,32,25,39
Other money - % of income,9,11,7,7,8,6
