Household and dwelling characteristics,2016,2006
Household type,,
Total - All private households,Not available,Not available
One family households,Not available,Not available
Couple family households,Not available,Not available
Female lone parent households,Not available,Not available
Male lone parent households,Not available,Not available
Multi-family households,Not available,Not available
Non-family households,Not available,Not available
Median household income ($),Not available,Not available
Selected Occupied Private Dwelling Characteristics,,
Total number of Dwellings,Not available,Not available
Dwellings constructed more than 10 years ago,Not available,Not available
Dwellings constructed within the past 10 years,Not available,Not available
Dwellings requiring minor repairs only,Not available,Not available
Dwellings requiring major repairs,Not available,Not available
