Education characteristics,2016,2016,2016,2006,2006,2006
Education characteristics,Total,Male,Female,Total,Male,Female
Highest Degree or Certificate,,,,,,
Population 15 years and over,65.0,40.0,30.0,55.0,35.0,25.0
"No degree, certificate or diploma",25.0,15.0,0.0,30.0,15.0,15.0
High school diploma or equivalent only,20.0,10.0,10.0,10.0,10.0,0.0
Trades/apprenticeship or other non-university certificate,20.0,10.0,10.0,15.0,10.0,0.0
University certificate below bachelor level,0.0,0.0,0.0,0.0,0.0,0.0
University degree (bachelor level or higher),0.0,0.0,0.0,0.0,0.0,0.0
