Income characteristics,2016,2016,2016,2006,2006,2006
Income characteristics,Total,Male,Female,Total,Male,Female
Persons 15 years of age and over with income,315,150,165,255,130,125
Avg. total income (all persons with income ($)),20117,19273,20879,14810,15210,14391
All persons with earnings (counts),225,110,120,175,95,85
Avg. earnings (all persons with earnings ($)),17188,17518,16894,15145,16724,13376
Composition of total income (100%),98,100,103,100,100,100
Earnings - % of income,60,64,59,70,77,63
Government transfer - % of income,36,32,40,29,20,36
Other money - % of income,3,4,2,1,1,1
