NOVA SCOTIA,2016,2016,2016,2006,2006,2006
NOVA SCOTIA,Total,Male,Female,Total,Male,Female
Persons 15 years of age and over with income,744275,357820,386455,718340,345685,372655
Avg. total income (all persons with income ($)),41479,49413,34132,30187,36904,23956
All persons with earnings (counts),523015,264475,258545,508305,260905,247395
Avg. earnings (all persons with earnings ($)),39522,46606,32275,29958,35893,23699
Composition of total income (100%),100,100,100,100,100,100
Earnings - % of income,67,70,63,70,73,66
Government transfer - % of income,15,12,19,15,12,20
Other money - % of income,18,18,17,15,15,15
