Income characteristics,2016,2016,2016,2006,2006,2006
Income characteristics,Total,Male,Female,Total,Male,Female
Persons 15 years of age and over with income,240,115,130,270,150,120
Avg. total income (all persons with income ($)),23550,21143,25674,12345,11548,13329
All persons with earnings (counts),175,85,95,110,65,45
Avg. earnings (all persons with earnings ($)),19930,22493,17592,19508,19886,18954
Composition of total income (100%),100,96,96,100,100,100
Earnings - % of income,62,82,47,64,75,53
Government transfer - % of income,38,22,53,35,22,49
Other money - % of income,0,0,0,0,0,0
