Languages characteristics,2016,2016,2016,2006,2006,2006
Languages characteristics,Total,Male,Female,Total,Male,Female
Language Knowledge,505.0,240.0,260.0,445.0,220.0,225.0
Indigenous language(s),235.0,115.0,125.0,195.0,100.0,100.0
English only **,490.0,235.0,260.0,430.0,215.0,215.0
French only **,0.0,0.0,0.0,0.0,0.0,0.0
English & French **,10.0,10.0,0.0,15.0,0.0,10.0
Other,0.0,0.0,0.0,10.0,0.0,0.0
Pop. with Indigenous languages first learned (%),41.6,41.7,40.4,41.6,43.2,40.0
Pop. with Indigenous spoken at home (%),33.7,31.3,36.5,34.8,36.4,33.3
Pop. with knowledge of Indigenous lang. (%),46.5,47.9,48.1,43.8,45.5,44.4
