Unnamed: 0_level_0,2016,2016,2016,2006,2006,2006
Unnamed: 0_level_1,Total,Male,Female,Total,Male,Female
Total All persons,1935.0,975.0,965.0,1730.0,865.0,865.0
Registered Indian,1645.0,815.0,835.0,1540.0,760.0,785.0
Not a registered Indian,290.0,155.0,135.0,190.0,105.0,85.0
Age characteristics,,,,,,
Total All persons,1935.0,975.0,965.0,1730.0,865.0,865.0
Age 0-19,560.0,285.0,270.0,570.0,305.0,270.0
Age 20-64,1140.0,570.0,575.0,1010.0,480.0,530.0
Age 65 and over,240.0,115.0,120.0,150.0,80.0,70.0
Median Age,37.2,37.0,37.4,33.0,33.1,32.9
