Languages characteristics,2016,2016,2016,2006,2006,2006
Languages characteristics,Total,Male,Female,Total,Male,Female
Language Knowledge,985.0,515.0,470.0,815.0,425.0,390.0
Indigenous language(s),920.0,485.0,440.0,765.0,400.0,370.0
English only **,845.0,445.0,400.0,610.0,320.0,290.0
French only **,0.0,0.0,0.0,10.0,10.0,0.0
English & French **,75.0,40.0,40.0,80.0,40.0,40.0
Other,15.0,10.0,0.0,10.0,0.0,10.0
Pop. with Indigenous languages first learned (%),91.4,91.3,91.5,92.6,91.8,92.3
Pop. with Indigenous spoken at home (%),92.4,92.2,91.5,92.0,90.6,92.3
Pop. with knowledge of Indigenous lang. (%),93.4,94.2,93.6,93.9,94.1,94.9
