Income characteristics,2016,2016,2016,2006,2006,2006
Income characteristics,Total,Male,Female,Total,Male,Female
Persons 15 years of age and over with income,1455,715,730,1200,595,605
Avg. total income (all persons with income ($)),30563,32160,29001,22258,24718,19836
All persons with earnings (counts),940,475,465,815,405,410
Avg. earnings (all persons with earnings ($)),30475,33208,27648,23874,28080,19719
Composition of total income (100%),100,101,100,100,100,100
Earnings - % of income,65,68,60,73,77,68
Government transfer - % of income,26,22,31,22,16,28
Other money - % of income,9,10,9,6,7,4
