NEWFOUNDLAND AND LABRADOR,2016,2016,2016,2006,2006,2006
NEWFOUNDLAND AND LABRADOR,Total,Male,Female,Total,Male,Female
Language Knowledge,512250.0,250910.0,261340.0,500610.0,243965.0,256640.0
Indigenous language(s),3035.0,1425.0,1605.0,2540.0,1215.0,1330.0
English only **,485255.0,240055.0,245195.0,475990.0,234330.0,241655.0
French only **,120.0,55.0,60.0,90.0,40.0,45.0
English & French **,25850.0,10330.0,15515.0,23680.0,9160.0,14515.0
Other,14205.0,7375.0,6835.0,10265.0,5050.0,5215.0
Pop. with Indigenous languages first learned (%),0.5,0.5,0.5,0.5,0.5,0.5
Pop. with Indigenous spoken at home (%),0.5,0.5,0.5,0.4,0.4,0.4
Pop. with knowledge of Indigenous lang. (%),0.6,0.6,0.6,0.5,0.5,0.5
