Mobility characteristics,2016,2016,2016,2006,2006,2006
Mobility characteristics,Total,Male,Female,Total,Male,Female
Mobility Status - Place of residence 1 year ago,,,,,,
Total population 1 year and over,280.0,145.0,135.0,260.0,125.0,130.0
Non-movers: Lived at the same address 1 year ago,255.0,130.0,120.0,240.0,120.0,120.0
Movers:,,,,,,
Lived within the same prov./terr. 1 year ago but changed address within the same census division,20.0,15.0,10.0,0.0,10.0,10.0
Lived within the same prov./terr. 1 year ago but changed address from another census division.,0.0,0.0,0.0,0.0,0.0,0.0
Lived in a different prov./terr./country 1 year ago,0.0,0.0,0.0,10.0,0.0,0.0
Mobility Status - Place of residence 5 years ago,,,,,,
Total population 5 year and over,260.0,135.0,125.0,240.0,120.0,120.0
Non-movers: Lived at the same address 5 years ago,190.0,100.0,90.0,165.0,85.0,75.0
Movers:,,,,,,
Lived within the same prov./terr. 5 years ago but changed address within the same census division,40.0,20.0,20.0,55.0,20.0,30.0
Lived within the same prov./terr. 5 years ago but changed address from another census division.,15.0,0.0,10.0,0.0,0.0,10.0
Lived in a different prov./terr./country 5 years ago,15.0,10.0,0.0,20.0,10.0,15.0
