Education characteristics,2016,2016,2016,2006,2006,2006
Education characteristics,Total,Male,Female,Total,Male,Female
Highest Degree or Certificate,,,,,,
Population 15 years and over,225.0,110.0,120.0,200.0,85.0,110.0
"No degree, certificate or diploma",110.0,60.0,60.0,95.0,40.0,55.0
High school diploma or equivalent only,40.0,15.0,25.0,40.0,15.0,20.0
Trades/apprenticeship or other non-university certificate,70.0,35.0,35.0,65.0,30.0,25.0
University certificate below bachelor level,0.0,0.0,10.0,0.0,0.0,10.0
University degree (bachelor level or higher),10.0,0.0,0.0,10.0,0.0,0.0
