Education characteristics,2016,2016,2016,2006,2006,2006
Education characteristics,Total,Male,Female,Total,Male,Female
Highest Degree or Certificate,,,,,,
Population 15 years and over,715.0,340.0,375.0,555.0,275.0,275.0
"No degree, certificate or diploma",240.0,135.0,110.0,230.0,130.0,95.0
High school diploma or equivalent only,250.0,115.0,135.0,145.0,65.0,85.0
Trades/apprenticeship or other non-university certificate,160.0,70.0,95.0,135.0,70.0,65.0
University certificate below bachelor level,10.0,10.0,0.0,0.0,0.0,0.0
University degree (bachelor level or higher),50.0,15.0,35.0,30.0,10.0,30.0
