Languages characteristics,2016,2016,2016,2006,2006,2006
Languages characteristics,Total,Male,Female,Total,Male,Female
Language Knowledge,1040.0,505.0,530.0,770.0,380.0,385.0
Indigenous language(s),115.0,50.0,70.0,195.0,85.0,110.0
English only **,1010.0,495.0,515.0,730.0,370.0,360.0
French only **,0.0,0.0,0.0,0.0,0.0,0.0
English & French **,30.0,15.0,20.0,35.0,10.0,25.0
Other,10.0,0.0,0.0,10.0,0.0,0.0
Pop. with Indigenous languages first learned (%),3.4,3.0,2.8,20.1,18.4,22.1
Pop. with Indigenous spoken at home (%),5.8,4.0,7.5,12.3,10.5,14.3
Pop. with knowledge of Indigenous lang. (%),11.1,9.9,13.2,25.3,22.4,28.6
