Mobility characteristics,2016,2016,2016,2006,2006,2006
Mobility characteristics,Total,Male,Female,Total,Male,Female
Mobility Status - Place of residence 1 year ago,,,,,,
Total population 1 year and over,1975.0,1040.0,935.0,1790.0,925.0,865.0
Non-movers: Lived at the same address 1 year ago,1905.0,1005.0,900.0,1645.0,845.0,800.0
Movers:,,,,,,
Lived within the same prov./terr. 1 year ago but changed address within the same census division,50.0,20.0,30.0,110.0,60.0,50.0
Lived within the same prov./terr. 1 year ago but changed address from another census division.,10.0,10.0,10.0,15.0,10.0,10.0
Lived in a different prov./terr./country 1 year ago,10.0,0.0,0.0,20.0,15.0,0.0
Mobility Status - Place of residence 5 years ago,,,,,,
Total population 5 year and over,1765.0,915.0,845.0,1580.0,820.0,760.0
Non-movers: Lived at the same address 5 years ago,1410.0,740.0,665.0,1190.0,615.0,575.0
Movers:,,,,,,
Lived within the same prov./terr. 5 years ago but changed address within the same census division,295.0,150.0,145.0,285.0,150.0,130.0
Lived within the same prov./terr. 5 years ago but changed address from another census division.,45.0,25.0,25.0,35.0,15.0,20.0
Lived in a different prov./terr./country 5 years ago,15.0,0.0,10.0,75.0,40.0,40.0
