Unnamed: 0_level_0,2016,2016,2016,2006,2006,2006
Unnamed: 0_level_1,Total,Male,Female,Total,Male,Female
Total All persons,1040.0,520.0,515.0,750.0,395.0,355.0
Registered Indian,960.0,490.0,470.0,705.0,370.0,335.0
Not a registered Indian,80.0,30.0,50.0,45.0,25.0,20.0
Age characteristics,,,,,,
Total All persons,1040.0,520.0,515.0,750.0,395.0,355.0
Age 0-19,325.0,165.0,155.0,275.0,145.0,125.0
Age 20-64,615.0,310.0,310.0,440.0,230.0,205.0
Age 65 and over,100.0,50.0,55.0,40.0,15.0,25.0
Median Age,37.1,33.3,38.9,30.9,29.0,31.6
