Mobility characteristics,2016,2016,2016,2006,2006,2006
Mobility characteristics,Total,Male,Female,Total,Male,Female
Mobility Status - Place of residence 1 year ago,,,,,,
Total population 1 year and over,260.0,130.0,125.0,265.0,130.0,135.0
Non-movers: Lived at the same address 1 year ago,235.0,115.0,120.0,240.0,120.0,120.0
Movers:,,,,,,
Lived within the same prov./terr. 1 year ago but changed address within the same census division,15.0,10.0,10.0,15.0,10.0,0.0
Lived within the same prov./terr. 1 year ago but changed address from another census division.,0.0,10.0,0.0,10.0,0.0,0.0
Lived in a different prov./terr./country 1 year ago,0.0,0.0,0.0,0.0,0.0,0.0
Mobility Status - Place of residence 5 years ago,,,,,,
Total population 5 year and over,235.0,120.0,115.0,245.0,120.0,120.0
Non-movers: Lived at the same address 5 years ago,170.0,85.0,90.0,185.0,90.0,100.0
Movers:,,,,,,
Lived within the same prov./terr. 5 years ago but changed address within the same census division,55.0,30.0,25.0,35.0,15.0,20.0
Lived within the same prov./terr. 5 years ago but changed address from another census division.,10.0,10.0,0.0,10.0,10.0,10.0
Lived in a different prov./terr./country 5 years ago,10.0,10.0,0.0,10.0,0.0,0.0
