ONTARIO,2016,2016,2016,2006,2006,2006
ONTARIO,Total,Male,Female,Total,Male,Female
Persons 15 years of age and over with income,10556925,5114340,5442580,9340020,4540895,4799125
Avg. total income (all persons with income ($)),47915,56780,39585,38099,46962,29712
All persons with earnings (counts),7790680,3995695,3794980,6991675,3621765,3369915
Avg. earnings (all persons with earnings ($)),47369,55263,39057,39387,47513,30653
Composition of total income (100%),100,100,100,100,100,100
Earnings - % of income,73,76,69,77,81,72
Government transfer - % of income,11,8,15,10,7,14
Other money - % of income,16,16,16,13,12,14
