Languages characteristics,2016,2016,2016,2006,2006,2006
Languages characteristics,Total,Male,Female,Total,Male,Female
Language Knowledge,90.0,50.0,45.0,75.0,45.0,30.0
Indigenous language(s),10.0,0.0,10.0,35.0,20.0,15.0
English only **,90.0,50.0,40.0,65.0,40.0,25.0
French only **,0.0,0.0,0.0,0.0,0.0,0.0
English & French **,0.0,0.0,0.0,0.0,0.0,0.0
Other,0.0,0.0,0.0,0.0,0.0,0.0
Pop. with Indigenous languages first learned (%),0.0,0.0,0.0,33.3,33.3,0.0
Pop. with Indigenous spoken at home (%),0.0,0.0,22.2,33.3,33.3,33.3
Pop. with knowledge of Indigenous lang. (%),11.1,0.0,22.2,46.7,44.4,50.0
