Languages characteristics,2016,2016,2016,2006,2006,2006
Languages characteristics,Total,Male,Female,Total,Male,Female
Language Knowledge,2200.0,1075.0,1125.0,1865.0,925.0,940.0
Indigenous language(s),2115.0,1040.0,1080.0,1800.0,890.0,910.0
English only **,1495.0,740.0,755.0,1120.0,560.0,560.0
French only **,10.0,10.0,0.0,35.0,20.0,15.0
English & French **,535.0,250.0,285.0,465.0,215.0,245.0
Other,25.0,0.0,15.0,10.0,10.0,10.0
Pop. with Indigenous languages first learned (%),91.8,92.1,91.6,94.9,94.1,95.7
Pop. with Indigenous spoken at home (%),95.0,95.3,94.7,94.6,94.6,95.2
Pop. with knowledge of Indigenous lang. (%),96.1,96.7,96.0,96.5,96.2,96.8
