Education characteristics,2016,2016,2016,2006,2006,2006
Education characteristics,Total,Male,Female,Total,Male,Female
Highest Degree or Certificate,,,,,,
Population 15 years and over,1505.0,725.0,775.0,1230.0,595.0,635.0
"No degree, certificate or diploma",750.0,385.0,365.0,730.0,385.0,350.0
High school diploma or equivalent only,210.0,85.0,125.0,215.0,90.0,125.0
Trades/apprenticeship or other non-university certificate,415.0,215.0,200.0,180.0,90.0,90.0
University certificate below bachelor level,35.0,0.0,30.0,35.0,10.0,25.0
University degree (bachelor level or higher),90.0,30.0,60.0,65.0,25.0,40.0
