QUEBEC,2016,2016,2016,2006,2006,2006
QUEBEC,Total,Male,Female,Total,Male,Female
Labour Force Indicators,,,,,,
Participation rate,64.1,67.9,60.5,64.9,70.6,59.5
Employment rate,59.5,62.5,56.7,60.4,65.4,55.7
Unemployment rate,7.2,8.0,6.3,7.0,7.4,6.5
Industry,,,,,,
Population 15 years and over,6634280.0,3260035.0,3374240.0,6184490,3007825,3176660
"Agriculture, resource based",117525.0,87340.0,30185.0,127010,95065,31945
"Manufacturing, construction",764960.0,596000.0,168955.0,836135,624460,211670
"Wholesale, retail",725580.0,372670.0,352905.0,702835,358900,343940
"Finance, real estate",241405.0,109165.0,132240.0,222595,90010,132585
"Health, education",906210.0,213840.0,692365.0,770185,197980,572205
Business services,511290.0,294710.0,216570.0,424530,243190,181340
"Transportation, warehousing",201360.0,153160.0,48200.0,194190,148040,46150
Other services,1061450.0,525235.0,536215.0,989480,483730,505750
Occupation,,,,,,
Population 15 years and over,6634280.0,3260035.0,3374240.0,6184490,3007825,3176660
Management,1171815.0,504500.0,667320.0,Not available,Not available,Not available
"Natural sciences, health",615915.0,294650.0,321260.0,Not available,Not available,Not available
"Social sciences, gov't",543965.0,160305.0,383660.0,Not available,Not available,Not available
Sales and service,1110220.0,503310.0,606910.0,Not available,Not available,Not available
Trades and related,620015.0,586725.0,33285.0,Not available,Not available,Not available
Primary industry,78970.0,64840.0,14120.0,Not available,Not available,Not available
Other Occupations,388875.0,237790.0,151085.0,Not available,Not available,Not available
