Province: ONTARIO,Province: ONTARIO,Province: ONTARIO,Province: ONTARIO,Province: ONTARIO,Province: ONTARIO,Province: ONTARIO
Unnamed: 0_level_1,2016,2016,2016,2006,2006,2006
Unnamed: 0_level_2,Total,Male,Female,Total,Male,Female
Total All persons,13242160.0,6472240.0,6769920.0,12028900.0,5877875.0,6151020.0
Registered Indian,170895.0,81560.0,89335.0,123595.0,58780.0,64810.0
Not a registered Indian,13071265.0,6390680.0,6680585.0,11905305.0,5819095.0,6086210.0
Age characteristics,,,,,,
Total All persons,13242160.0,6472240.0,6769920.0,12028900.0,5877875.0,6151020.0
Age 0-19,3010940.0,1545750.0,1465190.0,3039870.0,1561495.0,1478375.0
Age 20-64,8117705.0,3953395.0,4164310.0,7432775.0,3624055.0,3808695.0
Age 65 and over,2113515.0,973095.0,1140420.0,1556255.0,692320.0,863940.0
Median Age,40.9,39.9,41.9,38.7,37.9,39.5
