Unnamed: 0_level_0,2016,2016,2016,2006,2006,2006
Unnamed: 0_level_1,Total,Male,Female,Total,Male,Female
Total All persons,Not available,Not available,Not available,Not available,Not available,Not available
Registered Indian,Not available,Not available,Not available,Not available,Not available,Not available
Not a registered Indian,Not available,Not available,Not available,Not available,Not available,Not available
Age characteristics,,,,,,
Total All persons,Not available,Not available,Not available,Not available,Not available,Not available
Age 0-19,Not available,Not available,Not available,Not available,Not available,Not available
Age 20-64,Not available,Not available,Not available,Not available,Not available,Not available
Age 65 and over,Not available,Not available,Not available,Not available,Not available,Not available
Median Age,Not available,Not available,Not available,Not available,Not available,Not available
