ONTARIO,2016,2016,2016,2006,2006,2006
ONTARIO,Total,Male,Female,Total,Male,Female
Mobility Status - Place of residence 1 year ago,,,,,,
Total population 1 year and over,13106995.0,6403470.0,6703525.0,11893175.0,5808065.0,6085115.0
Non-movers: Lived at the same address 1 year ago,11475985.0,5603290.0,5872695.0,10299250.0,5027930.0,5271320.0
Movers:,,,,,,
Lived within the same prov./terr. 1 year ago but changed address within the same census division,1174165.0,574460.0,599705.0,1186540.0,582385.0,604150.0
Lived within the same prov./terr. 1 year ago but changed address from another census division.,237375.0,115860.0,121510.0,220720.0,107445.0,113270.0
Lived in a different prov./terr./country 1 year ago,219470.0,109860.0,109615.0,186675.0,90295.0,96375.0
Mobility Status - Place of residence 5 years ago,,,,,,
Total population 5 year and over,12546040.0,6116715.0,6429320.0,11354360.0,5532565.0,5821795.0
Non-movers: Lived at the same address 5 years ago,7887820.0,3845950.0,4041875.0,6660310.0,3245125.0,3415190.0
Movers:,,,,,,
Lived within the same prov./terr. 5 years ago but changed address within the same census division,3236010.0,1575955.0,1660050.0,3249520.0,1587790.0,1661725.0
Lived within the same prov./terr. 5 years ago but changed address from another census division.,697925.0,338255.0,359675.0,697375.0,338505.0,358870.0
Lived in a different prov./terr./country 5 years ago,724275.0,356555.0,367720.0,747150.0,361140.0,386010.0
