Workforce Characteristics,2016,2016,2016,2006,2006,2006
Workforce Characteristics,Total,Male,Female,Total,Male,Female
Labour Force Indicators,,,,,,
Participation rate,38.4,39.1,38.6,58.3,62.0,54.0
Employment rate,30.2,27.0,33.9,48.6,50.7,46.0
Unemployment rate,22.6,31.1,12.2,16.7,19.3,14.9
Industry,,,,,,
Population 15 years and over,1210.0,575.0,640.0,1390,710,680
"Agriculture, resource based",25.0,20.0,10.0,65,45,15
"Manufacturing, construction",60.0,60.0,0.0,165,145,20
"Wholesale, retail",50.0,20.0,30.0,50,20,30
"Finance, real estate",10.0,10.0,0.0,10,10,10
"Health, education",155.0,40.0,120.0,165,35,135
Business services,30.0,15.0,20.0,80,50,30
"Transportation, warehousing",30.0,20.0,15.0,30,20,10
Other services,125.0,65.0,60.0,280,140,140
Occupation,,,,,,
Population 15 years and over,1210.0,575.0,640.0,1390,710,680
Management,105.0,15.0,90.0,Not available,Not available,Not available
"Natural sciences, health",30.0,10.0,20.0,Not available,Not available,Not available
"Social sciences, gov't",105.0,25.0,80.0,Not available,Not available,Not available
Sales and service,110.0,55.0,55.0,Not available,Not available,Not available
Trades and related,85.0,80.0,10.0,Not available,Not available,Not available
Primary industry,20.0,20.0,0.0,Not available,Not available,Not available
Other Occupations,40.0,25.0,10.0,Not available,Not available,Not available
