Languages characteristics,2016,2016,2016,2006,2006,2006
Languages characteristics,Total,Male,Female,Total,Male,Female
Language Knowledge,195.0,110.0,85.0,220.0,115.0,100.0
Indigenous language(s),115.0,65.0,50.0,135.0,70.0,65.0
English only **,180.0,100.0,80.0,190.0,110.0,85.0
French only **,0.0,0.0,0.0,0.0,0.0,0.0
English & French **,0.0,0.0,10.0,0.0,0.0,0.0
Other,0.0,0.0,0.0,0.0,0.0,0.0
Pop. with Indigenous languages first learned (%),48.7,54.5,47.1,65.9,65.2,70.0
Pop. with Indigenous spoken at home (%),46.2,45.5,47.1,50.0,47.8,55.0
Pop. with knowledge of Indigenous lang. (%),59.0,59.1,58.8,61.4,60.9,65.0
