Education characteristics,2016,2016,2016,2006,2006,2006
Education characteristics,Total,Male,Female,Total,Male,Female
Highest Degree or Certificate,,,,,,
Population 15 years and over,365.0,185.0,185.0,270.0,135.0,140.0
"No degree, certificate or diploma",105.0,55.0,45.0,80.0,45.0,40.0
High school diploma or equivalent only,80.0,50.0,35.0,50.0,30.0,25.0
Trades/apprenticeship or other non-university certificate,130.0,65.0,65.0,110.0,50.0,60.0
University certificate below bachelor level,0.0,10.0,10.0,15.0,10.0,0.0
University degree (bachelor level or higher),45.0,15.0,30.0,15.0,10.0,10.0
