Languages characteristics,2016,2016,2016,2006,2006,2006
Languages characteristics,Total,Male,Female,Total,Male,Female
Language Knowledge,325.0,170.0,155.0,Not available,Not available,Not available
Indigenous language(s),50.0,25.0,25.0,Not available,Not available,Not available
English only **,310.0,160.0,145.0,Not available,Not available,Not available
French only **,0.0,0.0,0.0,Not available,Not available,Not available
English & French **,20.0,10.0,10.0,Not available,Not available,Not available
Other,0.0,0.0,10.0,Not available,Not available,Not available
Pop. with Indigenous languages first learned (%),7.7,5.9,6.5,Not available,Not available,Not available
Pop. with Indigenous spoken at home (%),10.8,5.9,12.9,Not available,Not available,Not available
Pop. with knowledge of Indigenous lang. (%),15.4,14.7,16.1,Not available,Not available,Not available
