Unnamed: 0_level_0,2016,2016,2016,2006,2006,2006
Unnamed: 0_level_1,Total,Male,Female,Total,Male,Female
Total All persons,595.0,305.0,295.0,485.0,245.0,240.0
Registered Indian,580.0,295.0,280.0,485.0,240.0,245.0
Not a registered Indian,15.0,10.0,10.0,0.0,10.0,0.0
Age characteristics,,,,,,
Total All persons,595.0,305.0,295.0,485.0,245.0,240.0
Age 0-19,265.0,140.0,125.0,220.0,115.0,105.0
Age 20-64,305.0,150.0,150.0,245.0,120.0,120.0
Age 65 and over,25.0,10.0,15.0,25.0,15.0,10.0
Median Age,23.0,22.5,23.8,23.4,23.1,23.8
